Variable,Date,Price
GDA_TETSTX,2019-05-01,2.49
GDA_TETSTX,2019-04-30,2.42
GDA_TETSTX,2019-04-29,2.445
GDA_TETSTX,2019-04-28,2.445
GDA_TETSTX,2019-04-27,2.445
GDA_TETSTX,2019-04-26,2.37
GDA_TETSTX,2019-04-25,2.365
GDA_TETSTX,2019-04-24,2.36
GDA_TETSTX,2019-04-23,2.4
GDA_TETSTX,2019-04-22,2.365
GDA_TETSTX,2019-04-21,2.365
GDA_TETSTX,2019-04-20,2.365
GDA_TETSTX,2019-04-19,2.365
GDA_TETSTX,2019-04-18,2.44
GDA_TETSTX,2019-04-17,2.48
GDA_TETSTX,2019-04-16,2.49
GDA_TETSTX,2019-04-15,2.585
GDA_TETSTX,2019-04-14,2.585
GDA_TETSTX,2019-04-13,2.585
GDA_TETSTX,2019-04-12,2.615
GDA_TETSTX,2019-04-11,2.64
GDA_TETSTX,2019-04-10,2.65
GDA_TETSTX,2019-04-09,2.665
GDA_TETSTX,2019-04-08,2.56
GDA_TETSTX,2019-04-07,2.56
GDA_TETSTX,2019-04-06,2.56
GDA_TETSTX,2019-04-05,2.58
GDA_TETSTX,2019-04-04,2.585
GDA_TETSTX,2019-04-03,2.615
GDA_TETSTX,2019-04-02,2.645
GDA_TETSTX,2019-04-01,2.62
GDA_TETSTX,2019-03-31,2.56
GDA_TETSTX,2019-03-30,2.56
GDA_TETSTX,2019-03-29,2.56
GDA_TETSTX,2019-03-28,2.57
GDA_TETSTX,2019-03-27,2.62
GDA_TETSTX,2019-03-26,2.635
GDA_TETSTX,2019-03-25,2.675
GDA_TETSTX,2019-03-24,2.675
GDA_TETSTX,2019-03-23,2.675
GDA_TETSTX,2019-03-22,2.725
GDA_TETSTX,2019-03-21,2.755
GDA_TETSTX,2019-03-20,2.8
GDA_TETSTX,2019-03-19,2.785
GDA_TETSTX,2019-03-18,2.745
GDA_TETSTX,2019-03-17,2.745
GDA_TETSTX,2019-03-16,2.745
GDA_TETSTX,2019-03-15,2.755
GDA_TETSTX,2019-03-14,2.7
GDA_TETSTX,2019-03-13,2.68
GDA_TETSTX,2019-03-12,2.69
GDA_TETSTX,2019-03-11,2.81
GDA_TETSTX,2019-03-10,2.81
GDA_TETSTX,2019-03-09,2.81
GDA_TETSTX,2019-03-08,2.815
GDA_TETSTX,2019-03-07,2.875
GDA_TETSTX,2019-03-06,2.91
GDA_TETSTX,2019-03-05,3.985
GDA_TETSTX,2019-03-04,3.135
GDA_TETSTX,2019-03-03,3.135
GDA_TETSTX,2019-03-02,3.135
GDA_TETSTX,2019-03-01,2.84
GDA_TETSTX,2019-02-28,2.76
GDA_TETSTX,2019-02-27,2.82
GDA_TETSTX,2019-02-26,2.75
GDA_TETSTX,2019-02-25,2.645
GDA_TETSTX,2019-02-24,2.645
GDA_TETSTX,2019-02-23,2.645
GDA_TETSTX,2019-02-22,2.62
GDA_TETSTX,2019-02-21,2.65
GDA_TETSTX,2019-02-20,2.64
GDA_TETSTX,2019-02-19,2.515
GDA_TETSTX,2019-02-18,2.515
GDA_TETSTX,2019-02-17,2.515
GDA_TETSTX,2019-02-16,2.515
GDA_TETSTX,2019-02-15,2.505
GDA_TETSTX,2019-02-14,2.495
GDA_TETSTX,2019-02-13,2.56
GDA_TETSTX,2019-02-12,2.605
GDA_TETSTX,2019-02-11,2.475
GDA_TETSTX,2019-02-10,2.475
GDA_TETSTX,2019-02-09,2.475
GDA_TETSTX,2019-02-08,2.575
GDA_TETSTX,2019-02-07,2.51
GDA_TETSTX,2019-02-06,2.48
GDA_TETSTX,2019-02-05,2.5
GDA_TETSTX,2019-02-04,2.615
GDA_TETSTX,2019-02-03,2.615
GDA_TETSTX,2019-02-02,2.615
GDA_TETSTX,2019-02-01,2.705
GDA_TETSTX,2019-01-31,2.805
GDA_TETSTX,2019-01-30,2.85
GDA_TETSTX,2019-01-29,2.95
GDA_TETSTX,2019-01-28,2.995
GDA_TETSTX,2019-01-27,2.995
GDA_TETSTX,2019-01-26,2.995
GDA_TETSTX,2019-01-25,3
GDA_TETSTX,2019-01-24,2.975
GDA_TETSTX,2019-01-23,3.025
GDA_TETSTX,2019-01-22,3.19
GDA_TETSTX,2019-01-21,3.19
GDA_TETSTX,2019-01-20,3.19
GDA_TETSTX,2019-01-19,3.19
GDA_TETSTX,2019-01-18,3.37
GDA_TETSTX,2019-01-17,3.545
GDA_TETSTX,2019-01-16,3.455
GDA_TETSTX,2019-01-15,3.275
GDA_TETSTX,2019-01-14,2.865
GDA_TETSTX,2019-01-13,2.865
GDA_TETSTX,2019-01-12,2.865
GDA_TETSTX,2019-01-11,2.805
GDA_TETSTX,2019-01-10,2.815
GDA_TETSTX,2019-01-09,2.835
GDA_TETSTX,2019-01-08,2.65
GDA_TETSTX,2019-01-07,2.62
GDA_TETSTX,2019-01-06,2.62
GDA_TETSTX,2019-01-05,2.62
GDA_TETSTX,2019-01-04,2.645
GDA_TETSTX,2019-01-03,2.74
GDA_TETSTX,2019-01-02,3.175
GDA_TETSTX,2019-01-01,3.175
GDA_TETSTX,2018-12-31,3.08
GDA_TETSTX,2018-12-30,3.08
GDA_TETSTX,2018-12-29,3.08
GDA_TETSTX,2018-12-28,3.08
GDA_TETSTX,2018-12-27,2.915
GDA_TETSTX,2018-12-26,3.355
GDA_TETSTX,2018-12-25,3.355
GDA_TETSTX,2018-12-24,3.355
GDA_TETSTX,2018-12-23,3.355
GDA_TETSTX,2018-12-22,3.355
GDA_TETSTX,2018-12-21,3.53
GDA_TETSTX,2018-12-20,3.38
GDA_TETSTX,2018-12-19,3.555
GDA_TETSTX,2018-12-18,3.51
GDA_TETSTX,2018-12-17,3.765
GDA_TETSTX,2018-12-16,3.765
GDA_TETSTX,2018-12-15,3.765
GDA_TETSTX,2018-12-14,4.145
GDA_TETSTX,2018-12-13,4.105
GDA_TETSTX,2018-12-12,4.305
GDA_TETSTX,2018-12-11,4.405
GDA_TETSTX,2018-12-10,4.415
GDA_TETSTX,2018-12-09,4.415
GDA_TETSTX,2018-12-08,4.415
GDA_TETSTX,2018-12-07,4.26
GDA_TETSTX,2018-12-06,4.425
GDA_TETSTX,2018-12-05,4.435
GDA_TETSTX,2018-12-04,4.37
GDA_TETSTX,2018-12-03,4.375
GDA_TETSTX,2018-12-02,4.375
GDA_TETSTX,2018-12-01,4.375
GDA_TETSTX,2018-11-30,4.44
GDA_TETSTX,2018-11-29,4.35
GDA_TETSTX,2018-11-28,4.16
GDA_TETSTX,2018-11-27,4.205
GDA_TETSTX,2018-11-26,4.54
GDA_TETSTX,2018-11-25,4.54
GDA_TETSTX,2018-11-24,4.54
GDA_TETSTX,2018-11-23,4.54
GDA_TETSTX,2018-11-22,4.54
GDA_TETSTX,2018-11-21,4.495
GDA_TETSTX,2018-11-20,4.535
GDA_TETSTX,2018-11-19,4.2
GDA_TETSTX,2018-11-18,4.2
GDA_TETSTX,2018-11-17,4.2
GDA_TETSTX,2018-11-16,4.385
GDA_TETSTX,2018-11-15,4.53
GDA_TETSTX,2018-11-14,4.015
GDA_TETSTX,2018-11-13,3.975
GDA_TETSTX,2018-11-12,3.77
GDA_TETSTX,2018-11-11,3.77
GDA_TETSTX,2018-11-10,3.77
GDA_TETSTX,2018-11-09,3.665
GDA_TETSTX,2018-11-08,3.625
GDA_TETSTX,2018-11-07,3.53
GDA_TETSTX,2018-11-06,3.46
GDA_TETSTX,2018-11-05,3.13
GDA_TETSTX,2018-11-04,3.13
GDA_TETSTX,2018-11-03,3.13
GDA_TETSTX,2018-11-02,3.22
GDA_TETSTX,2018-11-01,3.2
GDA_TETSTX,2018-10-31,3.18
GDA_TETSTX,2018-10-30,3.14
GDA_TETSTX,2018-10-29,3.14
GDA_TETSTX,2018-10-28,3.14
GDA_TETSTX,2018-10-27,3.14
GDA_TETSTX,2018-10-26,3.27
GDA_TETSTX,2018-10-25,3.355
GDA_TETSTX,2018-10-24,3.3
GDA_TETSTX,2018-10-23,3.26
GDA_TETSTX,2018-10-22,3.345
GDA_TETSTX,2018-10-21,3.345
GDA_TETSTX,2018-10-20,3.345
GDA_TETSTX,2018-10-19,3.295
GDA_TETSTX,2018-10-18,3.38
GDA_TETSTX,2018-10-17,3.31
GDA_TETSTX,2018-10-16,3.34
GDA_TETSTX,2018-10-15,3.19
GDA_TETSTX,2018-10-14,3.19
GDA_TETSTX,2018-10-13,3.19
GDA_TETSTX,2018-10-12,3.15
GDA_TETSTX,2018-10-11,3.355
GDA_TETSTX,2018-10-10,3.37
GDA_TETSTX,2018-10-09,3.37
GDA_TETSTX,2018-10-08,3.185
GDA_TETSTX,2018-10-07,3.185
GDA_TETSTX,2018-10-06,3.185
GDA_TETSTX,2018-10-05,3.26
GDA_TETSTX,2018-10-04,3.255
GDA_TETSTX,2018-10-03,3.215
GDA_TETSTX,2018-10-02,3.145
GDA_TETSTX,2018-10-01,3.035
GDA_TETSTX,2018-09-30,3.04
GDA_TETSTX,2018-09-29,3.04
GDA_TETSTX,2018-09-28,3.04
GDA_TETSTX,2018-09-27,3.105
GDA_TETSTX,2018-09-26,3.06
GDA_TETSTX,2018-09-25,3.07
GDA_TETSTX,2018-09-24,3.075
GDA_TETSTX,2018-09-23,3.075
GDA_TETSTX,2018-09-22,3.075
GDA_TETSTX,2018-09-21,3.02
GDA_TETSTX,2018-09-20,3.02
GDA_TETSTX,2018-09-19,2.98
GDA_TETSTX,2018-09-18,2.94
GDA_TETSTX,2018-09-17,2.84
GDA_TETSTX,2018-09-16,2.84
GDA_TETSTX,2018-09-15,2.84
GDA_TETSTX,2018-09-14,2.87
GDA_TETSTX,2018-09-13,2.875
GDA_TETSTX,2018-09-12,2.825
GDA_TETSTX,2018-09-11,2.85
GDA_TETSTX,2018-09-10,2.8
GDA_TETSTX,2018-09-09,2.8
GDA_TETSTX,2018-09-08,2.8
GDA_TETSTX,2018-09-07,2.845
GDA_TETSTX,2018-09-06,2.845
GDA_TETSTX,2018-09-05,2.935
GDA_TETSTX,2018-09-04,2.975
GDA_TETSTX,2018-09-03,2.975
GDA_TETSTX,2018-09-02,2.975
GDA_TETSTX,2018-09-01,2.975
GDA_TETSTX,2018-08-31,2.86
GDA_TETSTX,2018-08-30,2.905
GDA_TETSTX,2018-08-29,2.91
GDA_TETSTX,2018-08-28,2.97
GDA_TETSTX,2018-08-27,2.965
GDA_TETSTX,2018-08-26,2.965
GDA_TETSTX,2018-08-25,2.965
GDA_TETSTX,2018-08-24,2.97
GDA_TETSTX,2018-08-23,3.025
GDA_TETSTX,2018-08-22,3.035
GDA_TETSTX,2018-08-21,3.015
GDA_TETSTX,2018-08-20,3.005
GDA_TETSTX,2018-08-19,3.005
GDA_TETSTX,2018-08-18,3.005
GDA_TETSTX,2018-08-17,3
GDA_TETSTX,2018-08-16,3.01
GDA_TETSTX,2018-08-15,3.025
GDA_TETSTX,2018-08-14,2.945
GDA_TETSTX,2018-08-13,2.94
GDA_TETSTX,2018-08-12,2.94
GDA_TETSTX,2018-08-11,2.94
GDA_TETSTX,2018-08-10,2.965
GDA_TETSTX,2018-08-09,2.97
GDA_TETSTX,2018-08-08,2.94
GDA_TETSTX,2018-08-07,2.84
GDA_TETSTX,2018-08-06,2.85
GDA_TETSTX,2018-08-05,2.85
GDA_TETSTX,2018-08-04,2.85
GDA_TETSTX,2018-08-03,2.815
GDA_TETSTX,2018-08-02,2.795
GDA_TETSTX,2018-08-01,2.835
GDA_TETSTX,2018-07-31,2.78
GDA_TETSTX,2018-07-30,2.84
GDA_TETSTX,2018-07-29,2.84
GDA_TETSTX,2018-07-28,2.84
GDA_TETSTX,2018-07-27,2.83
GDA_TETSTX,2018-07-26,2.84
GDA_TETSTX,2018-07-25,2.81
GDA_TETSTX,2018-07-24,2.775
GDA_TETSTX,2018-07-23,2.835
GDA_TETSTX,2018-07-22,2.835
GDA_TETSTX,2018-07-21,2.835
GDA_TETSTX,2018-07-20,2.76
GDA_TETSTX,2018-07-19,2.835
GDA_TETSTX,2018-07-18,2.845
GDA_TETSTX,2018-07-17,2.81
GDA_TETSTX,2018-07-16,2.815
GDA_TETSTX,2018-07-15,2.815
GDA_TETSTX,2018-07-14,2.815
GDA_TETSTX,2018-07-13,2.815
GDA_TETSTX,2018-07-12,2.785
GDA_TETSTX,2018-07-11,2.795
GDA_TETSTX,2018-07-10,2.83
GDA_TETSTX,2018-07-09,2.86
GDA_TETSTX,2018-07-08,2.86
GDA_TETSTX,2018-07-07,2.86
GDA_TETSTX,2018-07-06,2.87
GDA_TETSTX,2018-07-05,2.88
GDA_TETSTX,2018-07-04,2.88
GDA_TETSTX,2018-07-03,2.85
GDA_TETSTX,2018-07-02,2.94
GDA_TETSTX,2018-07-01,2.94
GDA_TETSTX,2018-06-30,3.01
GDA_TETSTX,2018-06-29,3.01
GDA_TETSTX,2018-06-28,2.96
GDA_TETSTX,2018-06-27,2.94
GDA_TETSTX,2018-06-26,2.965
GDA_TETSTX,2018-06-25,2.99
GDA_TETSTX,2018-06-24,2.99
GDA_TETSTX,2018-06-23,2.99
GDA_TETSTX,2018-06-22,3.045
GDA_TETSTX,2018-06-21,3
GDA_TETSTX,2018-06-20,2.945
GDA_TETSTX,2018-06-19,3.025
GDA_TETSTX,2018-06-18,2.98
GDA_TETSTX,2018-06-17,2.98
GDA_TETSTX,2018-06-16,2.98
GDA_TETSTX,2018-06-15,2.94
GDA_TETSTX,2018-06-14,2.915
GDA_TETSTX,2018-06-13,2.975
GDA_TETSTX,2018-06-12,2.975
GDA_TETSTX,2018-06-11,2.915
GDA_TETSTX,2018-06-10,2.915
GDA_TETSTX,2018-06-09,2.915
GDA_TETSTX,2018-06-08,2.99
GDA_TETSTX,2018-06-07,2.95
GDA_TETSTX,2018-06-06,2.955
GDA_TETSTX,2018-06-05,2.98
GDA_TETSTX,2018-06-04,2.98
GDA_TETSTX,2018-06-03,2.98
GDA_TETSTX,2018-06-02,2.98
GDA_TETSTX,2018-06-01,2.96
GDA_TETSTX,2018-05-31,2.885
GDA_TETSTX,2018-05-30,2.895
GDA_TETSTX,2018-05-29,2.96
GDA_TETSTX,2018-05-28,2.96
GDA_TETSTX,2018-05-27,2.96
GDA_TETSTX,2018-05-26,2.96
GDA_TETSTX,2018-05-25,2.94
GDA_TETSTX,2018-05-24,2.93
GDA_TETSTX,2018-05-23,2.91
GDA_TETSTX,2018-05-22,2.8
GDA_TETSTX,2018-05-21,2.81
GDA_TETSTX,2018-05-20,2.81
GDA_TETSTX,2018-05-19,2.81
GDA_TETSTX,2018-05-18,2.735
GDA_TETSTX,2018-05-17,2.765
GDA_TETSTX,2018-05-16,2.8
GDA_TETSTX,2018-05-15,2.79
GDA_TETSTX,2018-05-14,2.71
GDA_TETSTX,2018-05-13,2.71
GDA_TETSTX,2018-05-12,2.71
GDA_TETSTX,2018-05-11,2.675
GDA_TETSTX,2018-05-10,2.67
GDA_TETSTX,2018-05-09,2.685
GDA_TETSTX,2018-05-08,2.695
GDA_TETSTX,2018-05-07,2.65
GDA_TETSTX,2018-05-06,2.65
GDA_TETSTX,2018-05-05,2.65
GDA_TETSTX,2018-05-04,2.64
GDA_TETSTX,2018-05-03,2.7
GDA_TETSTX,2018-05-02,2.695
GDA_TETSTX,2018-05-01,2.635
GDA_TETSTX,2018-04-30,2.67
GDA_TETSTX,2018-04-29,2.67
GDA_TETSTX,2018-04-28,2.67
GDA_TETSTX,2018-04-27,2.745
GDA_TETSTX,2018-04-26,2.71
GDA_TETSTX,2018-04-25,2.73
GDA_TETSTX,2018-04-24,2.74
GDA_TETSTX,2018-04-23,2.66
GDA_TETSTX,2018-04-22,2.66
GDA_TETSTX,2018-04-21,2.66
GDA_TETSTX,2018-04-20,2.695
GDA_TETSTX,2018-04-19,2.78
GDA_TETSTX,2018-04-18,2.75
GDA_TETSTX,2018-04-17,2.76
GDA_TETSTX,2018-04-16,2.685
GDA_TETSTX,2018-04-15,2.685
GDA_TETSTX,2018-04-14,2.685
GDA_TETSTX,2018-04-13,2.665
GDA_TETSTX,2018-04-12,2.68
GDA_TETSTX,2018-04-11,2.665
GDA_TETSTX,2018-04-10,2.645
GDA_TETSTX,2018-04-09,2.685
GDA_TETSTX,2018-04-08,2.685
GDA_TETSTX,2018-04-07,2.685
GDA_TETSTX,2018-04-06,2.7
GDA_TETSTX,2018-04-05,2.72
GDA_TETSTX,2018-04-04,2.635
GDA_TETSTX,2018-04-03,2.65
GDA_TETSTX,2018-04-02,2.705
GDA_TETSTX,2018-04-01,2.705
GDA_TETSTX,2018-03-31,2.585
GDA_TETSTX,2018-03-30,2.585
GDA_TETSTX,2018-03-29,2.585
GDA_TETSTX,2018-03-28,2.6
GDA_TETSTX,2018-03-27,2.55
GDA_TETSTX,2018-03-26,2.58
GDA_TETSTX,2018-03-25,2.58
GDA_TETSTX,2018-03-24,2.58
GDA_TETSTX,2018-03-23,2.56
GDA_TETSTX,2018-03-22,2.645
GDA_TETSTX,2018-03-21,2.64
GDA_TETSTX,2018-03-20,2.63
GDA_TETSTX,2018-03-19,2.565
GDA_TETSTX,2018-03-18,2.565
GDA_TETSTX,2018-03-17,2.565
GDA_TETSTX,2018-03-16,2.615
GDA_TETSTX,2018-03-15,2.6
GDA_TETSTX,2018-03-14,2.725
GDA_TETSTX,2018-03-13,2.735
GDA_TETSTX,2018-03-12,2.61
GDA_TETSTX,2018-03-11,2.61
GDA_TETSTX,2018-03-10,2.61
GDA_TETSTX,2018-03-09,2.635
GDA_TETSTX,2018-03-08,2.67
GDA_TETSTX,2018-03-07,2.685
GDA_TETSTX,2018-03-06,2.62
GDA_TETSTX,2018-03-05,2.56
GDA_TETSTX,2018-03-04,2.56
GDA_TETSTX,2018-03-03,2.56
GDA_TETSTX,2018-03-02,2.555
GDA_TETSTX,2018-03-01,2.53
GDA_TETSTX,2018-02-28,2.51
GDA_TETSTX,2018-02-27,2.485
GDA_TETSTX,2018-02-26,2.455
GDA_TETSTX,2018-02-25,2.455
GDA_TETSTX,2018-02-24,2.455
GDA_TETSTX,2018-02-23,2.54
GDA_TETSTX,2018-02-22,2.595
GDA_TETSTX,2018-02-21,2.525
GDA_TETSTX,2018-02-20,2.435
GDA_TETSTX,2018-02-19,2.435
GDA_TETSTX,2018-02-18,2.435
GDA_TETSTX,2018-02-17,2.435
GDA_TETSTX,2018-02-16,2.505
GDA_TETSTX,2018-02-15,2.485
GDA_TETSTX,2018-02-14,2.55
GDA_TETSTX,2018-02-13,2.555
GDA_TETSTX,2018-02-12,2.585
GDA_TETSTX,2018-02-11,2.585
GDA_TETSTX,2018-02-10,2.585
GDA_TETSTX,2018-02-09,2.69
GDA_TETSTX,2018-02-08,2.715
GDA_TETSTX,2018-02-07,2.68
GDA_TETSTX,2018-02-06,2.695
GDA_TETSTX,2018-02-05,2.765
GDA_TETSTX,2018-02-04,2.765
GDA_TETSTX,2018-02-03,2.765
GDA_TETSTX,2018-02-02,2.885
GDA_TETSTX,2018-02-01,3.1
GDA_TETSTX,2018-01-31,3.44
GDA_TETSTX,2018-01-30,3.495
GDA_TETSTX,2018-01-29,3.455
GDA_TETSTX,2018-01-28,3.455
GDA_TETSTX,2018-01-27,3.455
GDA_TETSTX,2018-01-26,3.53
GDA_TETSTX,2018-01-25,3.54
GDA_TETSTX,2018-01-24,3.395
GDA_TETSTX,2018-01-23,3.105
GDA_TETSTX,2018-01-22,3.16
GDA_TETSTX,2018-01-21,3.16
GDA_TETSTX,2018-01-20,3.16
GDA_TETSTX,2018-01-19,3.26
GDA_TETSTX,2018-01-18,3.805
GDA_TETSTX,2018-01-17,5.025
GDA_TETSTX,2018-01-16,3.705
GDA_TETSTX,2018-01-15,3.705
GDA_TETSTX,2018-01-14,3.705
GDA_TETSTX,2018-01-13,3.705
GDA_TETSTX,2018-01-12,3.165
GDA_TETSTX,2018-01-11,3.005
GDA_TETSTX,2018-01-10,2.825
GDA_TETSTX,2018-01-09,2.78
GDA_TETSTX,2018-01-08,2.81
GDA_TETSTX,2018-01-07,2.81
GDA_TETSTX,2018-01-06,2.81
GDA_TETSTX,2018-01-05,3.915
GDA_TETSTX,2018-01-04,6.045
GDA_TETSTX,2018-01-03,7.47
GDA_TETSTX,2018-01-02,3.715
GDA_TETSTX,2018-01-01,3.715
GDA_TETSTX,2017-12-31,2.885
GDA_TETSTX,2017-12-30,2.885
GDA_TETSTX,2017-12-29,2.885
GDA_TETSTX,2017-12-28,2.685
GDA_TETSTX,2017-12-27,2.655
GDA_TETSTX,2017-12-26,2.545
GDA_TETSTX,2017-12-25,2.545
GDA_TETSTX,2017-12-24,2.545
GDA_TETSTX,2017-12-23,2.545
GDA_TETSTX,2017-12-22,2.545
GDA_TETSTX,2017-12-21,2.565
GDA_TETSTX,2017-12-20,2.695
GDA_TETSTX,2017-12-19,2.66
GDA_TETSTX,2017-12-18,2.525
GDA_TETSTX,2017-12-17,2.525
GDA_TETSTX,2017-12-16,2.525
GDA_TETSTX,2017-12-15,2.595
GDA_TETSTX,2017-12-14,2.6
GDA_TETSTX,2017-12-13,2.73
GDA_TETSTX,2017-12-12,2.77
GDA_TETSTX,2017-12-11,2.695
GDA_TETSTX,2017-12-10,2.695
GDA_TETSTX,2017-12-09,2.695
GDA_TETSTX,2017-12-08,2.735
GDA_TETSTX,2017-12-07,2.855
GDA_TETSTX,2017-12-06,2.83
GDA_TETSTX,2017-12-05,2.76
GDA_TETSTX,2017-12-04,2.8
GDA_TETSTX,2017-12-03,2.8
GDA_TETSTX,2017-12-02,2.8
GDA_TETSTX,2017-12-01,2.845
GDA_TETSTX,2017-11-30,2.98
GDA_TETSTX,2017-11-29,2.87
GDA_TETSTX,2017-11-28,2.75
GDA_TETSTX,2017-11-27,2.83
GDA_TETSTX,2017-11-26,2.83
GDA_TETSTX,2017-11-25,2.83
GDA_TETSTX,2017-11-24,2.83
GDA_TETSTX,2017-11-23,2.83
GDA_TETSTX,2017-11-22,2.925
GDA_TETSTX,2017-11-21,2.91
GDA_TETSTX,2017-11-20,2.93
GDA_TETSTX,2017-11-19,2.93
GDA_TETSTX,2017-11-18,2.93
GDA_TETSTX,2017-11-17,2.945
GDA_TETSTX,2017-11-16,3.01
GDA_TETSTX,2017-11-15,2.99
GDA_TETSTX,2017-11-14,3.01
GDA_TETSTX,2017-11-13,3.035
GDA_TETSTX,2017-11-12,3.035
GDA_TETSTX,2017-11-11,3.035
GDA_TETSTX,2017-11-10,3.1
GDA_TETSTX,2017-11-09,3.08
GDA_TETSTX,2017-11-08,3
GDA_TETSTX,2017-11-07,2.945
GDA_TETSTX,2017-11-06,2.765
GDA_TETSTX,2017-11-05,2.765
GDA_TETSTX,2017-11-04,2.765
GDA_TETSTX,2017-11-03,2.74
GDA_TETSTX,2017-11-02,2.71
GDA_TETSTX,2017-11-01,2.705
GDA_TETSTX,2017-10-31,2.845
GDA_TETSTX,2017-10-30,2.72
GDA_TETSTX,2017-10-29,2.72
GDA_TETSTX,2017-10-28,2.72
GDA_TETSTX,2017-10-27,2.815
GDA_TETSTX,2017-10-26,2.825
GDA_TETSTX,2017-10-25,2.86
GDA_TETSTX,2017-10-24,2.885
GDA_TETSTX,2017-10-23,2.77
GDA_TETSTX,2017-10-22,2.77
GDA_TETSTX,2017-10-21,2.77
GDA_TETSTX,2017-10-20,2.76
GDA_TETSTX,2017-10-19,2.825
GDA_TETSTX,2017-10-18,2.845
GDA_TETSTX,2017-10-17,2.8
GDA_TETSTX,2017-10-16,2.955
GDA_TETSTX,2017-10-15,2.955
GDA_TETSTX,2017-10-14,2.955
GDA_TETSTX,2017-10-13,2.935
GDA_TETSTX,2017-10-12,2.87
GDA_TETSTX,2017-10-11,2.865
GDA_TETSTX,2017-10-10,2.855
GDA_TETSTX,2017-10-09,2.875
GDA_TETSTX,2017-10-08,2.875
GDA_TETSTX,2017-10-07,2.875
GDA_TETSTX,2017-10-06,2.895
GDA_TETSTX,2017-10-05,2.9
GDA_TETSTX,2017-10-04,2.805
GDA_TETSTX,2017-10-03,2.75
GDA_TETSTX,2017-10-02,2.815
GDA_TETSTX,2017-10-01,2.815
GDA_TETSTX,2017-09-30,2.885
GDA_TETSTX,2017-09-29,2.885
GDA_TETSTX,2017-09-28,2.905
GDA_TETSTX,2017-09-27,2.88
GDA_TETSTX,2017-09-26,2.9
GDA_TETSTX,2017-09-25,2.9
GDA_TETSTX,2017-09-24,2.9
GDA_TETSTX,2017-09-23,2.9
GDA_TETSTX,2017-09-22,2.97
GDA_TETSTX,2017-09-21,3.025
GDA_TETSTX,2017-09-20,3.05
GDA_TETSTX,2017-09-19,3.005
GDA_TETSTX,2017-09-18,2.905
GDA_TETSTX,2017-09-17,2.905
GDA_TETSTX,2017-09-16,2.905
GDA_TETSTX,2017-09-15,2.94
GDA_TETSTX,2017-09-14,2.955
GDA_TETSTX,2017-09-13,2.89
GDA_TETSTX,2017-09-12,2.84
GDA_TETSTX,2017-09-11,2.74
GDA_TETSTX,2017-09-10,2.74
GDA_TETSTX,2017-09-09,2.74
GDA_TETSTX,2017-09-08,2.88
GDA_TETSTX,2017-09-07,2.92
GDA_TETSTX,2017-09-06,2.95
GDA_TETSTX,2017-09-05,2.985
GDA_TETSTX,2017-09-04,2.985
GDA_TETSTX,2017-09-03,2.985
GDA_TETSTX,2017-09-02,2.985
GDA_TETSTX,2017-09-01,2.955
GDA_TETSTX,2017-08-31,2.85
GDA_TETSTX,2017-08-30,2.87
GDA_TETSTX,2017-08-29,2.895
GDA_TETSTX,2017-08-28,2.89
GDA_TETSTX,2017-08-27,2.89
GDA_TETSTX,2017-08-26,2.89
GDA_TETSTX,2017-08-25,2.865
GDA_TETSTX,2017-08-24,2.845
GDA_TETSTX,2017-08-23,2.955
GDA_TETSTX,2017-08-22,2.9
GDA_TETSTX,2017-08-21,2.89
GDA_TETSTX,2017-08-20,2.89
GDA_TETSTX,2017-08-19,2.89
GDA_TETSTX,2017-08-18,2.865
GDA_TETSTX,2017-08-17,2.875
GDA_TETSTX,2017-08-16,2.91
GDA_TETSTX,2017-08-15,2.965
GDA_TETSTX,2017-08-14,2.91
GDA_TETSTX,2017-08-13,2.91
GDA_TETSTX,2017-08-12,2.91
GDA_TETSTX,2017-08-11,2.85
GDA_TETSTX,2017-08-10,2.815
GDA_TETSTX,2017-08-09,2.735
GDA_TETSTX,2017-08-08,2.725
GDA_TETSTX,2017-08-07,2.74
GDA_TETSTX,2017-08-06,2.74
GDA_TETSTX,2017-08-05,2.74
GDA_TETSTX,2017-08-04,2.8
GDA_TETSTX,2017-08-03,2.79
GDA_TETSTX,2017-08-02,2.71
GDA_TETSTX,2017-08-01,2.77
GDA_TETSTX,2017-07-31,2.93
GDA_TETSTX,2017-07-30,2.93
GDA_TETSTX,2017-07-29,2.93
GDA_TETSTX,2017-07-28,2.92
GDA_TETSTX,2017-07-27,2.855
GDA_TETSTX,2017-07-26,2.865
GDA_TETSTX,2017-07-25,2.895
GDA_TETSTX,2017-07-24,2.965
GDA_TETSTX,2017-07-23,2.965
GDA_TETSTX,2017-07-22,2.965
GDA_TETSTX,2017-07-21,3.035
GDA_TETSTX,2017-07-20,3.04
GDA_TETSTX,2017-07-19,3.025
GDA_TETSTX,2017-07-18,2.975
GDA_TETSTX,2017-07-17,2.935
GDA_TETSTX,2017-07-16,2.935
GDA_TETSTX,2017-07-15,2.935
GDA_TETSTX,2017-07-14,2.865
GDA_TETSTX,2017-07-13,2.915
GDA_TETSTX,2017-07-12,2.91
GDA_TETSTX,2017-07-11,2.91
GDA_TETSTX,2017-07-10,2.865
GDA_TETSTX,2017-07-09,2.865
GDA_TETSTX,2017-07-08,2.865
GDA_TETSTX,2017-07-07,2.835
GDA_TETSTX,2017-07-06,2.825
GDA_TETSTX,2017-07-05,2.875
GDA_TETSTX,2017-07-04,2.875
GDA_TETSTX,2017-07-03,2.875
GDA_TETSTX,2017-07-02,2.875
GDA_TETSTX,2017-07-01,2.875
GDA_TETSTX,2017-06-30,2.955
GDA_TETSTX,2017-06-29,2.95
GDA_TETSTX,2017-06-28,2.96
GDA_TETSTX,2017-06-27,2.99
GDA_TETSTX,2017-06-26,2.93
GDA_TETSTX,2017-06-25,2.93
GDA_TETSTX,2017-06-24,2.93
GDA_TETSTX,2017-06-23,2.93
GDA_TETSTX,2017-06-22,2.92
GDA_TETSTX,2017-06-21,2.9
GDA_TETSTX,2017-06-20,2.93
GDA_TETSTX,2017-06-19,2.925
GDA_TETSTX,2017-06-18,2.925
GDA_TETSTX,2017-06-17,2.925
GDA_TETSTX,2017-06-16,2.89
GDA_TETSTX,2017-06-15,2.9
GDA_TETSTX,2017-06-14,2.925
GDA_TETSTX,2017-06-13,2.95
GDA_TETSTX,2017-06-12,2.97
GDA_TETSTX,2017-06-11,2.97
GDA_TETSTX,2017-06-10,2.97
GDA_TETSTX,2017-06-09,2.925
GDA_TETSTX,2017-06-08,2.965
GDA_TETSTX,2017-06-07,2.9
GDA_TETSTX,2017-06-06,2.88
GDA_TETSTX,2017-06-05,2.865
GDA_TETSTX,2017-06-04,2.865
GDA_TETSTX,2017-06-03,2.865
GDA_TETSTX,2017-06-02,2.915
GDA_TETSTX,2017-06-01,3
GDA_TETSTX,2017-05-31,3.17
GDA_TETSTX,2017-05-30,3.2
GDA_TETSTX,2017-05-29,3.2
GDA_TETSTX,2017-05-28,3.2
GDA_TETSTX,2017-05-27,3.2
GDA_TETSTX,2017-05-26,3.22
GDA_TETSTX,2017-05-25,3.19
GDA_TETSTX,2017-05-24,3.24
GDA_TETSTX,2017-05-23,3.235
GDA_TETSTX,2017-05-22,3.17
GDA_TETSTX,2017-05-21,3.17
GDA_TETSTX,2017-05-20,3.17
GDA_TETSTX,2017-05-19,3.085
GDA_TETSTX,2017-05-18,3.075
GDA_TETSTX,2017-05-17,3.155
GDA_TETSTX,2017-05-16,3.205
GDA_TETSTX,2017-05-15,3.21
GDA_TETSTX,2017-05-14,3.21
GDA_TETSTX,2017-05-13,3.21
GDA_TETSTX,2017-05-12,3.185
GDA_TETSTX,2017-05-11,3.145
GDA_TETSTX,2017-05-10,3.025
GDA_TETSTX,2017-05-09,2.955
GDA_TETSTX,2017-05-08,3.015
GDA_TETSTX,2017-05-07,3.015
GDA_TETSTX,2017-05-06,3.015
GDA_TETSTX,2017-05-05,3.015
GDA_TETSTX,2017-05-04,3.105
GDA_TETSTX,2017-05-03,3.125
GDA_TETSTX,2017-05-02,3.115
GDA_TETSTX,2017-05-01,3.06
GDA_TETSTX,2017-04-30,3.025
GDA_TETSTX,2017-04-29,3.025
GDA_TETSTX,2017-04-28,3.025
GDA_TETSTX,2017-04-27,3.03
GDA_TETSTX,2017-04-26,2.955
GDA_TETSTX,2017-04-25,2.935
GDA_TETSTX,2017-04-24,2.95
GDA_TETSTX,2017-04-23,2.95
GDA_TETSTX,2017-04-22,2.95
GDA_TETSTX,2017-04-21,3.075
GDA_TETSTX,2017-04-20,3.16
GDA_TETSTX,2017-04-19,3.14
GDA_TETSTX,2017-04-18,3.13
GDA_TETSTX,2017-04-17,2.94
GDA_TETSTX,2017-04-16,2.94
GDA_TETSTX,2017-04-15,2.94
GDA_TETSTX,2017-04-14,2.94
GDA_TETSTX,2017-04-13,2.935
GDA_TETSTX,2017-04-12,3.005
GDA_TETSTX,2017-04-11,3.105
GDA_TETSTX,2017-04-10,3.16
GDA_TETSTX,2017-04-09,3.16
GDA_TETSTX,2017-04-08,3.16
GDA_TETSTX,2017-04-07,3.2
GDA_TETSTX,2017-04-06,3.16
GDA_TETSTX,2017-04-05,3.04
GDA_TETSTX,2017-04-04,2.945
GDA_TETSTX,2017-04-03,3.005
GDA_TETSTX,2017-04-02,3.005
GDA_TETSTX,2017-04-01,3.005
GDA_TETSTX,2017-03-31,2.98
GDA_TETSTX,2017-03-30,3.045
GDA_TETSTX,2017-03-29,2.98
GDA_TETSTX,2017-03-28,3.045
GDA_TETSTX,2017-03-27,2.895
GDA_TETSTX,2017-03-26,2.895
GDA_TETSTX,2017-03-25,2.895
GDA_TETSTX,2017-03-24,2.895
GDA_TETSTX,2017-03-23,2.91
GDA_TETSTX,2017-03-22,2.99
GDA_TETSTX,2017-03-21,2.915
GDA_TETSTX,2017-03-20,2.78
GDA_TETSTX,2017-03-19,2.78
GDA_TETSTX,2017-03-18,2.78
GDA_TETSTX,2017-03-17,2.805
GDA_TETSTX,2017-03-16,2.925
GDA_TETSTX,2017-03-15,2.97
GDA_TETSTX,2017-03-14,2.98
GDA_TETSTX,2017-03-13,2.94
GDA_TETSTX,2017-03-12,2.94
GDA_TETSTX,2017-03-11,2.94
GDA_TETSTX,2017-03-10,2.81
GDA_TETSTX,2017-03-09,2.72
GDA_TETSTX,2017-03-08,2.59
GDA_TETSTX,2017-03-07,2.675
GDA_TETSTX,2017-03-06,2.525
GDA_TETSTX,2017-03-05,2.525
GDA_TETSTX,2017-03-04,2.525
GDA_TETSTX,2017-03-03,2.545
GDA_TETSTX,2017-03-02,2.565
GDA_TETSTX,2017-03-01,2.485
GDA_TETSTX,2017-02-28,2.44
GDA_TETSTX,2017-02-27,2.375
GDA_TETSTX,2017-02-26,2.375
GDA_TETSTX,2017-02-25,2.375
GDA_TETSTX,2017-02-24,2.52
GDA_TETSTX,2017-02-23,2.485
GDA_TETSTX,2017-02-22,2.45
GDA_TETSTX,2017-02-21,2.64
GDA_TETSTX,2017-02-20,2.64
GDA_TETSTX,2017-02-19,2.64
GDA_TETSTX,2017-02-18,2.64
GDA_TETSTX,2017-02-17,2.69
GDA_TETSTX,2017-02-16,2.755
GDA_TETSTX,2017-02-15,2.82
GDA_TETSTX,2017-02-14,2.835
GDA_TETSTX,2017-02-13,2.82
GDA_TETSTX,2017-02-12,2.82
GDA_TETSTX,2017-02-11,2.82
GDA_TETSTX,2017-02-10,2.99
GDA_TETSTX,2017-02-09,2.96
GDA_TETSTX,2017-02-08,2.945
GDA_TETSTX,2017-02-07,2.82
GDA_TETSTX,2017-02-06,2.89
GDA_TETSTX,2017-02-05,2.89
GDA_TETSTX,2017-02-04,2.89
GDA_TETSTX,2017-02-03,2.98
GDA_TETSTX,2017-02-02,2.98
GDA_TETSTX,2017-02-01,2.91
GDA_TETSTX,2017-01-31,3.085
GDA_TETSTX,2017-01-30,3.175
GDA_TETSTX,2017-01-29,3.175
GDA_TETSTX,2017-01-28,3.175
GDA_TETSTX,2017-01-27,3.31
GDA_TETSTX,2017-01-26,3.16
GDA_TETSTX,2017-01-25,3.14
GDA_TETSTX,2017-01-24,3.03
GDA_TETSTX,2017-01-23,3.12
GDA_TETSTX,2017-01-22,3.12
GDA_TETSTX,2017-01-21,3.12
GDA_TETSTX,2017-01-20,3.1
GDA_TETSTX,2017-01-19,3.135
GDA_TETSTX,2017-01-18,3.215
GDA_TETSTX,2017-01-17,3.235
GDA_TETSTX,2017-01-16,3.235
GDA_TETSTX,2017-01-15,3.235
GDA_TETSTX,2017-01-14,3.235
GDA_TETSTX,2017-01-13,3.21
GDA_TETSTX,2017-01-12,3.16
GDA_TETSTX,2017-01-11,3.115
GDA_TETSTX,2017-01-10,3.035
GDA_TETSTX,2017-01-09,3.25
GDA_TETSTX,2017-01-08,3.25
GDA_TETSTX,2017-01-07,3.25
GDA_TETSTX,2017-01-06,3.225
GDA_TETSTX,2017-01-05,3.18
GDA_TETSTX,2017-01-04,3.26
GDA_TETSTX,2017-01-03,3.505
GDA_TETSTX,2017-01-02,3.505
GDA_TETSTX,2017-01-01,3.505
GDA_TETSTX,2016-12-31,3.545
GDA_TETSTX,2016-12-30,3.545
GDA_TETSTX,2016-12-29,3.495
GDA_TETSTX,2016-12-28,3.455
GDA_TETSTX,2016-12-27,3.44
GDA_TETSTX,2016-12-26,3.44
GDA_TETSTX,2016-12-25,3.44
GDA_TETSTX,2016-12-24,3.44
GDA_TETSTX,2016-12-23,3.455
GDA_TETSTX,2016-12-22,3.335
GDA_TETSTX,2016-12-21,3.215
GDA_TETSTX,2016-12-20,3.445
GDA_TETSTX,2016-12-19,3.405
GDA_TETSTX,2016-12-18,3.405
GDA_TETSTX,2016-12-17,3.405
GDA_TETSTX,2016-12-16,3.405
GDA_TETSTX,2016-12-15,3.42
GDA_TETSTX,2016-12-14,3.435
GDA_TETSTX,2016-12-13,3.39
GDA_TETSTX,2016-12-12,3.62
GDA_TETSTX,2016-12-11,3.62
GDA_TETSTX,2016-12-10,3.62
GDA_TETSTX,2016-12-09,3.575
GDA_TETSTX,2016-12-08,3.685
GDA_TETSTX,2016-12-07,3.575
GDA_TETSTX,2016-12-06,3.505
GDA_TETSTX,2016-12-05,3.27
GDA_TETSTX,2016-12-04,3.27
GDA_TETSTX,2016-12-03,3.27
GDA_TETSTX,2016-12-02,3.265
GDA_TETSTX,2016-12-01,3.215
GDA_TETSTX,2016-11-30,3.03
GDA_TETSTX,2016-11-29,2.955
GDA_TETSTX,2016-11-28,2.675
GDA_TETSTX,2016-11-27,2.675
GDA_TETSTX,2016-11-26,2.675
GDA_TETSTX,2016-11-25,2.675
GDA_TETSTX,2016-11-24,2.675
GDA_TETSTX,2016-11-23,2.72
GDA_TETSTX,2016-11-22,2.725
GDA_TETSTX,2016-11-21,2.48
GDA_TETSTX,2016-11-20,2.48
GDA_TETSTX,2016-11-19,2.48
GDA_TETSTX,2016-11-18,2.225
GDA_TETSTX,2016-11-17,2.425
GDA_TETSTX,2016-11-16,2.42
GDA_TETSTX,2016-11-15,2.255
GDA_TETSTX,2016-11-14,1.94
GDA_TETSTX,2016-11-13,1.94
GDA_TETSTX,2016-11-12,1.94
GDA_TETSTX,2016-11-11,2.005
GDA_TETSTX,2016-11-10,2.17
GDA_TETSTX,2016-11-09,2.235
GDA_TETSTX,2016-11-08,2.265
GDA_TETSTX,2016-11-07,2.165
GDA_TETSTX,2016-11-06,2.165
GDA_TETSTX,2016-11-05,2.165
GDA_TETSTX,2016-11-04,2.345
GDA_TETSTX,2016-11-03,2.27
GDA_TETSTX,2016-11-02,2.34
GDA_TETSTX,2016-11-01,2.61
GDA_TETSTX,2016-10-31,2.665
GDA_TETSTX,2016-10-30,2.665
GDA_TETSTX,2016-10-29,2.665
GDA_TETSTX,2016-10-28,2.65
GDA_TETSTX,2016-10-27,2.755
GDA_TETSTX,2016-10-26,2.7
GDA_TETSTX,2016-10-25,2.715
GDA_TETSTX,2016-10-24,2.855
GDA_TETSTX,2016-10-23,2.855
GDA_TETSTX,2016-10-22,2.855
GDA_TETSTX,2016-10-21,3.045
GDA_TETSTX,2016-10-20,3.115
GDA_TETSTX,2016-10-19,3.2
GDA_TETSTX,2016-10-18,3.155
GDA_TETSTX,2016-10-17,3.15
GDA_TETSTX,2016-10-16,3.15
GDA_TETSTX,2016-10-15,3.15
GDA_TETSTX,2016-10-14,3.12
GDA_TETSTX,2016-10-13,3.155
GDA_TETSTX,2016-10-12,3.165
GDA_TETSTX,2016-10-11,3.125
GDA_TETSTX,2016-10-10,2.965
GDA_TETSTX,2016-10-09,2.965
GDA_TETSTX,2016-10-08,2.965
GDA_TETSTX,2016-10-07,3.02
GDA_TETSTX,2016-10-06,2.9
GDA_TETSTX,2016-10-05,2.81
GDA_TETSTX,2016-10-04,2.785
GDA_TETSTX,2016-10-03,2.815
GDA_TETSTX,2016-10-02,2.815
GDA_TETSTX,2016-10-01,2.815
GDA_TETSTX,2016-09-30,2.9
GDA_TETSTX,2016-09-29,2.915
GDA_TETSTX,2016-09-28,2.96
GDA_TETSTX,2016-09-27,2.98
GDA_TETSTX,2016-09-26,2.98
GDA_TETSTX,2016-09-25,2.98
GDA_TETSTX,2016-09-24,2.98
GDA_TETSTX,2016-09-23,3.11
GDA_TETSTX,2016-09-22,3.11
GDA_TETSTX,2016-09-21,3.06
GDA_TETSTX,2016-09-20,2.965
GDA_TETSTX,2016-09-19,2.92
GDA_TETSTX,2016-09-18,2.92
GDA_TETSTX,2016-09-17,2.92
GDA_TETSTX,2016-09-16,2.9
GDA_TETSTX,2016-09-15,2.95
GDA_TETSTX,2016-09-14,2.955
GDA_TETSTX,2016-09-13,2.915
GDA_TETSTX,2016-09-12,2.85
GDA_TETSTX,2016-09-11,2.85
GDA_TETSTX,2016-09-10,2.85
GDA_TETSTX,2016-09-09,2.775
GDA_TETSTX,2016-09-08,2.74
GDA_TETSTX,2016-09-07,2.735
GDA_TETSTX,2016-09-06,2.78
GDA_TETSTX,2016-09-05,2.78
GDA_TETSTX,2016-09-04,2.78
GDA_TETSTX,2016-09-03,2.78
GDA_TETSTX,2016-09-02,2.85
GDA_TETSTX,2016-09-01,2.83
GDA_TETSTX,2016-08-31,2.895
GDA_TETSTX,2016-08-30,2.875
GDA_TETSTX,2016-08-29,2.785
GDA_TETSTX,2016-08-28,2.785
GDA_TETSTX,2016-08-27,2.785
GDA_TETSTX,2016-08-26,2.8
GDA_TETSTX,2016-08-25,2.75
GDA_TETSTX,2016-08-24,2.67
GDA_TETSTX,2016-08-23,2.65
GDA_TETSTX,2016-08-22,2.61
GDA_TETSTX,2016-08-21,2.61
GDA_TETSTX,2016-08-20,2.61
GDA_TETSTX,2016-08-19,2.625
GDA_TETSTX,2016-08-18,2.63
GDA_TETSTX,2016-08-17,2.605
GDA_TETSTX,2016-08-16,2.61
GDA_TETSTX,2016-08-15,2.63
GDA_TETSTX,2016-08-14,2.63
GDA_TETSTX,2016-08-13,2.63
GDA_TETSTX,2016-08-12,2.595
GDA_TETSTX,2016-08-11,2.65
GDA_TETSTX,2016-08-10,2.685
GDA_TETSTX,2016-08-09,2.755
GDA_TETSTX,2016-08-08,2.795
GDA_TETSTX,2016-08-07,2.795
GDA_TETSTX,2016-08-06,2.795
GDA_TETSTX,2016-08-05,2.865
GDA_TETSTX,2016-08-04,2.8
GDA_TETSTX,2016-08-03,2.755
GDA_TETSTX,2016-08-02,2.855
GDA_TETSTX,2016-08-01,2.89
GDA_TETSTX,2016-07-31,2.695
GDA_TETSTX,2016-07-30,2.695
GDA_TETSTX,2016-07-29,2.695
GDA_TETSTX,2016-07-28,2.695
GDA_TETSTX,2016-07-27,2.68
GDA_TETSTX,2016-07-26,2.765
GDA_TETSTX,2016-07-25,2.75
GDA_TETSTX,2016-07-24,2.75
GDA_TETSTX,2016-07-23,2.75
GDA_TETSTX,2016-07-22,2.64
GDA_TETSTX,2016-07-21,2.65
GDA_TETSTX,2016-07-20,2.72
GDA_TETSTX,2016-07-19,2.72
GDA_TETSTX,2016-07-18,2.615
GDA_TETSTX,2016-07-17,2.615
GDA_TETSTX,2016-07-16,2.615
GDA_TETSTX,2016-07-15,2.66
GDA_TETSTX,2016-07-14,2.715
GDA_TETSTX,2016-07-13,2.66
GDA_TETSTX,2016-07-12,2.73
GDA_TETSTX,2016-07-11,2.705
GDA_TETSTX,2016-07-10,2.705
GDA_TETSTX,2016-07-09,2.705
GDA_TETSTX,2016-07-08,2.785
GDA_TETSTX,2016-07-07,2.65
GDA_TETSTX,2016-07-06,2.71
GDA_TETSTX,2016-07-05,2.795
GDA_TETSTX,2016-07-04,2.795
GDA_TETSTX,2016-07-03,2.795
GDA_TETSTX,2016-07-02,2.795
GDA_TETSTX,2016-07-01,2.835
GDA_TETSTX,2016-06-30,2.85
GDA_TETSTX,2016-06-29,2.765
GDA_TETSTX,2016-06-28,2.645
GDA_TETSTX,2016-06-27,2.62
GDA_TETSTX,2016-06-26,2.62
GDA_TETSTX,2016-06-25,2.62
GDA_TETSTX,2016-06-24,2.605
GDA_TETSTX,2016-06-23,2.725
GDA_TETSTX,2016-06-22,2.69
GDA_TETSTX,2016-06-21,2.65
GDA_TETSTX,2016-06-20,2.54
GDA_TETSTX,2016-06-19,2.54
GDA_TETSTX,2016-06-18,2.54
GDA_TETSTX,2016-06-17,2.51
GDA_TETSTX,2016-06-16,2.53
GDA_TETSTX,2016-06-15,2.435
GDA_TETSTX,2016-06-14,2.455
GDA_TETSTX,2016-06-13,2.37
GDA_TETSTX,2016-06-12,2.37
GDA_TETSTX,2016-06-11,2.37
GDA_TETSTX,2016-06-10,2.285
GDA_TETSTX,2016-06-09,2.27
GDA_TETSTX,2016-06-08,2.225
GDA_TETSTX,2016-06-07,2.205
GDA_TETSTX,2016-06-06,2.195
GDA_TETSTX,2016-06-05,2.195
GDA_TETSTX,2016-06-04,2.195
GDA_TETSTX,2016-06-03,2.195
GDA_TETSTX,2016-06-02,2.21
GDA_TETSTX,2016-06-01,2.005
GDA_TETSTX,2016-05-31,1.735
GDA_TETSTX,2016-05-30,1.735
GDA_TETSTX,2016-05-29,1.735
GDA_TETSTX,2016-05-28,1.735
GDA_TETSTX,2016-05-27,1.665
GDA_TETSTX,2016-05-26,1.705
GDA_TETSTX,2016-05-25,1.845
GDA_TETSTX,2016-05-24,1.865
GDA_TETSTX,2016-05-23,1.71
GDA_TETSTX,2016-05-22,1.71
GDA_TETSTX,2016-05-21,1.71
GDA_TETSTX,2016-05-20,1.66
GDA_TETSTX,2016-05-19,1.775
GDA_TETSTX,2016-05-18,1.845
GDA_TETSTX,2016-05-17,1.8
GDA_TETSTX,2016-05-16,1.855
GDA_TETSTX,2016-05-15,1.855
GDA_TETSTX,2016-05-14,1.855
GDA_TETSTX,2016-05-13,1.925
GDA_TETSTX,2016-05-12,1.915
GDA_TETSTX,2016-05-11,1.94
GDA_TETSTX,2016-05-10,1.855
GDA_TETSTX,2016-05-09,1.73
GDA_TETSTX,2016-05-08,1.73
GDA_TETSTX,2016-05-07,1.73
GDA_TETSTX,2016-05-06,1.87
GDA_TETSTX,2016-05-05,1.92
GDA_TETSTX,2016-05-04,1.87
GDA_TETSTX,2016-05-03,1.82
GDA_TETSTX,2016-05-02,1.775
GDA_TETSTX,2016-05-01,1.775
GDA_TETSTX,2016-04-30,1.84
GDA_TETSTX,2016-04-29,1.84
GDA_TETSTX,2016-04-28,1.845
GDA_TETSTX,2016-04-27,1.865
GDA_TETSTX,2016-04-26,1.89
GDA_TETSTX,2016-04-25,1.87
GDA_TETSTX,2016-04-24,1.87
GDA_TETSTX,2016-04-23,1.87
GDA_TETSTX,2016-04-22,1.89
GDA_TETSTX,2016-04-21,1.945
GDA_TETSTX,2016-04-20,1.89
GDA_TETSTX,2016-04-19,1.75
GDA_TETSTX,2016-04-18,1.63
GDA_TETSTX,2016-04-17,1.63
GDA_TETSTX,2016-04-16,1.63
GDA_TETSTX,2016-04-15,1.765
GDA_TETSTX,2016-04-14,1.85
GDA_TETSTX,2016-04-13,1.84
GDA_TETSTX,2016-04-12,1.77
GDA_TETSTX,2016-04-11,1.835
GDA_TETSTX,2016-04-10,1.835
GDA_TETSTX,2016-04-09,1.835
GDA_TETSTX,2016-04-08,1.855
GDA_TETSTX,2016-04-07,1.83
GDA_TETSTX,2016-04-06,1.83
GDA_TETSTX,2016-04-05,1.86
GDA_TETSTX,2016-04-04,1.805
GDA_TETSTX,2016-04-03,1.805
GDA_TETSTX,2016-04-02,1.805
GDA_TETSTX,2016-04-01,1.905
GDA_TETSTX,2016-03-31,1.855
GDA_TETSTX,2016-03-30,1.785
GDA_TETSTX,2016-03-29,1.74
GDA_TETSTX,2016-03-28,1.695
GDA_TETSTX,2016-03-27,1.695
GDA_TETSTX,2016-03-26,1.695
GDA_TETSTX,2016-03-25,1.695
GDA_TETSTX,2016-03-24,1.77
GDA_TETSTX,2016-03-23,1.745
GDA_TETSTX,2016-03-22,1.77
GDA_TETSTX,2016-03-21,1.8
GDA_TETSTX,2016-03-20,1.8
GDA_TETSTX,2016-03-19,1.8
GDA_TETSTX,2016-03-18,1.8
GDA_TETSTX,2016-03-17,1.73
GDA_TETSTX,2016-03-16,1.755
GDA_TETSTX,2016-03-15,1.675
GDA_TETSTX,2016-03-14,1.74
GDA_TETSTX,2016-03-13,1.74
GDA_TETSTX,2016-03-12,1.74
GDA_TETSTX,2016-03-11,1.66
GDA_TETSTX,2016-03-10,1.56
GDA_TETSTX,2016-03-09,1.51
GDA_TETSTX,2016-03-08,1.475
GDA_TETSTX,2016-03-07,1.45
GDA_TETSTX,2016-03-06,1.45
GDA_TETSTX,2016-03-05,1.45
GDA_TETSTX,2016-03-04,1.53
GDA_TETSTX,2016-03-03,1.565
GDA_TETSTX,2016-03-02,1.535
GDA_TETSTX,2016-03-01,1.54
GDA_TETSTX,2016-02-29,1.625
GDA_TETSTX,2016-02-28,1.625
GDA_TETSTX,2016-02-27,1.625
GDA_TETSTX,2016-02-26,1.7
GDA_TETSTX,2016-02-25,1.73
GDA_TETSTX,2016-02-24,1.76
GDA_TETSTX,2016-02-23,1.745
GDA_TETSTX,2016-02-22,1.745
GDA_TETSTX,2016-02-21,1.745
GDA_TETSTX,2016-02-20,1.745
GDA_TETSTX,2016-02-19,1.805
GDA_TETSTX,2016-02-18,1.825
GDA_TETSTX,2016-02-17,1.82
GDA_TETSTX,2016-02-16,1.94
GDA_TETSTX,2016-02-15,1.94
GDA_TETSTX,2016-02-14,1.94
GDA_TETSTX,2016-02-13,1.94
GDA_TETSTX,2016-02-12,2.02
GDA_TETSTX,2016-02-11,2.035
GDA_TETSTX,2016-02-10,2.07
GDA_TETSTX,2016-02-09,2.145
GDA_TETSTX,2016-02-08,2.02
GDA_TETSTX,2016-02-07,2.02
GDA_TETSTX,2016-02-06,2.02
GDA_TETSTX,2016-02-05,1.98
GDA_TETSTX,2016-02-04,1.995
GDA_TETSTX,2016-02-03,1.97
GDA_TETSTX,2016-02-02,2.1
GDA_TETSTX,2016-02-01,2.205
GDA_TETSTX,2016-01-31,2.065
GDA_TETSTX,2016-01-30,2.065
GDA_TETSTX,2016-01-29,2.065
GDA_TETSTX,2016-01-28,2.18
GDA_TETSTX,2016-01-27,2.19
GDA_TETSTX,2016-01-26,2.095
GDA_TETSTX,2016-01-25,2.08
GDA_TETSTX,2016-01-24,2.08
GDA_TETSTX,2016-01-23,2.08
GDA_TETSTX,2016-01-22,2.13
GDA_TETSTX,2016-01-21,2.07
GDA_TETSTX,2016-01-20,2.075
GDA_TETSTX,2016-01-19,2.115
GDA_TETSTX,2016-01-18,2.115
GDA_TETSTX,2016-01-17,2.115
GDA_TETSTX,2016-01-16,2.115
GDA_TETSTX,2016-01-15,2.16
GDA_TETSTX,2016-01-14,2.23
GDA_TETSTX,2016-01-13,2.285
GDA_TETSTX,2016-01-12,2.38
GDA_TETSTX,2016-01-11,2.395
GDA_TETSTX,2016-01-10,2.395
GDA_TETSTX,2016-01-09,2.395
GDA_TETSTX,2016-01-08,2.3
GDA_TETSTX,2016-01-07,2.31
GDA_TETSTX,2016-01-06,2.265
GDA_TETSTX,2016-01-05,2.38
GDA_TETSTX,2016-01-04,2.33
GDA_TETSTX,2016-01-03,2.33
GDA_TETSTX,2016-01-02,2.33
GDA_TETSTX,2016-01-01,2.33
GDA_TETSTX,2015-12-31,2.195
GDA_TETSTX,2015-12-30,2.3
GDA_TETSTX,2015-12-29,2.18
GDA_TETSTX,2015-12-28,1.46
GDA_TETSTX,2015-12-27,1.46
GDA_TETSTX,2015-12-26,1.46
GDA_TETSTX,2015-12-25,1.46
GDA_TETSTX,2015-12-24,1.46
GDA_TETSTX,2015-12-23,1.655
GDA_TETSTX,2015-12-22,1.72
GDA_TETSTX,2015-12-21,1.645
GDA_TETSTX,2015-12-20,1.645
GDA_TETSTX,2015-12-19,1.645
GDA_TETSTX,2015-12-18,1.69
GDA_TETSTX,2015-12-17,1.73
GDA_TETSTX,2015-12-16,1.615
GDA_TETSTX,2015-12-15,1.65
GDA_TETSTX,2015-12-14,1.69
GDA_TETSTX,2015-12-13,1.69
GDA_TETSTX,2015-12-12,1.69
GDA_TETSTX,2015-12-11,1.82
GDA_TETSTX,2015-12-10,1.93
GDA_TETSTX,2015-12-09,1.915
GDA_TETSTX,2015-12-08,1.975
GDA_TETSTX,2015-12-07,2.06
GDA_TETSTX,2015-12-06,2.06
GDA_TETSTX,2015-12-05,2.06
GDA_TETSTX,2015-12-04,2.1
GDA_TETSTX,2015-12-03,2.15
GDA_TETSTX,2015-12-02,2.165
GDA_TETSTX,2015-12-01,2.07
GDA_TETSTX,2015-11-30,1.98
GDA_TETSTX,2015-11-29,1.98
GDA_TETSTX,2015-11-28,1.98
GDA_TETSTX,2015-11-27,1.98
GDA_TETSTX,2015-11-26,1.98
GDA_TETSTX,2015-11-25,2.08
GDA_TETSTX,2015-11-24,2.115
GDA_TETSTX,2015-11-23,2.115
GDA_TETSTX,2015-11-22,2.115
GDA_TETSTX,2015-11-21,2.115
GDA_TETSTX,2015-11-20,2.135
GDA_TETSTX,2015-11-19,2.05
GDA_TETSTX,2015-11-18,1.93
GDA_TETSTX,2015-11-17,2.025
GDA_TETSTX,2015-11-16,1.94
GDA_TETSTX,2015-11-15,1.94
GDA_TETSTX,2015-11-14,1.94
GDA_TETSTX,2015-11-13,1.94
GDA_TETSTX,2015-11-12,2.03
GDA_TETSTX,2015-11-11,2.035
GDA_TETSTX,2015-11-10,2.015
GDA_TETSTX,2015-11-09,2.025
GDA_TETSTX,2015-11-08,2.025
GDA_TETSTX,2015-11-07,2.025
GDA_TETSTX,2015-11-06,2.065
GDA_TETSTX,2015-11-05,2.02
GDA_TETSTX,2015-11-04,1.845
GDA_TETSTX,2015-11-03,1.86
GDA_TETSTX,2015-11-02,1.87
GDA_TETSTX,2015-11-01,1.87
GDA_TETSTX,2015-10-31,2.07
GDA_TETSTX,2015-10-30,2.07
GDA_TETSTX,2015-10-29,2.07
GDA_TETSTX,2015-10-28,2.05
GDA_TETSTX,2015-10-27,2.12
GDA_TETSTX,2015-10-26,2.215
GDA_TETSTX,2015-10-25,2.215
GDA_TETSTX,2015-10-24,2.215
GDA_TETSTX,2015-10-23,2.29
GDA_TETSTX,2015-10-22,2.26
GDA_TETSTX,2015-10-21,2.325
GDA_TETSTX,2015-10-20,2.34
GDA_TETSTX,2015-10-19,2.32
GDA_TETSTX,2015-10-18,2.32
GDA_TETSTX,2015-10-17,2.32
GDA_TETSTX,2015-10-16,2.43
GDA_TETSTX,2015-10-15,2.41
GDA_TETSTX,2015-10-14,2.36
GDA_TETSTX,2015-10-13,2.4
GDA_TETSTX,2015-10-12,2.4
GDA_TETSTX,2015-10-11,2.4
GDA_TETSTX,2015-10-10,2.4
GDA_TETSTX,2015-10-09,2.4
GDA_TETSTX,2015-10-08,2.41
GDA_TETSTX,2015-10-07,2.325
GDA_TETSTX,2015-10-06,2.31
GDA_TETSTX,2015-10-05,2.29
GDA_TETSTX,2015-10-04,2.29
GDA_TETSTX,2015-10-03,2.29
GDA_TETSTX,2015-10-02,2.355
GDA_TETSTX,2015-10-01,2.47
GDA_TETSTX,2015-09-30,2.49
GDA_TETSTX,2015-09-29,2.54
GDA_TETSTX,2015-09-28,2.49
GDA_TETSTX,2015-09-27,2.49
GDA_TETSTX,2015-09-26,2.49
GDA_TETSTX,2015-09-25,2.485
GDA_TETSTX,2015-09-24,2.54
GDA_TETSTX,2015-09-23,2.545
GDA_TETSTX,2015-09-22,2.515
GDA_TETSTX,2015-09-21,2.555
GDA_TETSTX,2015-09-20,2.555
GDA_TETSTX,2015-09-19,2.555
GDA_TETSTX,2015-09-18,2.59
GDA_TETSTX,2015-09-17,2.6
GDA_TETSTX,2015-09-16,2.655
GDA_TETSTX,2015-09-15,2.645
GDA_TETSTX,2015-09-14,2.635
GDA_TETSTX,2015-09-13,2.635
GDA_TETSTX,2015-09-12,2.635
GDA_TETSTX,2015-09-11,2.63
GDA_TETSTX,2015-09-10,2.625
GDA_TETSTX,2015-09-09,2.665
GDA_TETSTX,2015-09-08,2.63
GDA_TETSTX,2015-09-07,2.63
GDA_TETSTX,2015-09-06,2.63
GDA_TETSTX,2015-09-05,2.63
GDA_TETSTX,2015-09-04,2.615
GDA_TETSTX,2015-09-03,2.63
GDA_TETSTX,2015-09-02,2.665
GDA_TETSTX,2015-09-01,2.6
GDA_TETSTX,2015-08-31,2.585
GDA_TETSTX,2015-08-30,2.585
GDA_TETSTX,2015-08-29,2.585
GDA_TETSTX,2015-08-28,2.595
GDA_TETSTX,2015-08-27,2.62
GDA_TETSTX,2015-08-26,2.62
GDA_TETSTX,2015-08-25,2.575
GDA_TETSTX,2015-08-24,2.61
GDA_TETSTX,2015-08-23,2.61
GDA_TETSTX,2015-08-22,2.61
GDA_TETSTX,2015-08-21,2.63
GDA_TETSTX,2015-08-20,2.64
GDA_TETSTX,2015-08-19,2.645
GDA_TETSTX,2015-08-18,2.685
GDA_TETSTX,2015-08-17,2.735
GDA_TETSTX,2015-08-16,2.735
GDA_TETSTX,2015-08-15,2.735
GDA_TETSTX,2015-08-14,2.85
GDA_TETSTX,2015-08-13,2.845
GDA_TETSTX,2015-08-12,2.79
GDA_TETSTX,2015-08-11,2.81
GDA_TETSTX,2015-08-10,2.755
GDA_TETSTX,2015-08-09,2.755
GDA_TETSTX,2015-08-08,2.755
GDA_TETSTX,2015-08-07,2.72
GDA_TETSTX,2015-08-06,2.79
GDA_TETSTX,2015-08-05,2.745
GDA_TETSTX,2015-08-04,2.69
GDA_TETSTX,2015-08-03,2.715
GDA_TETSTX,2015-08-02,2.715
GDA_TETSTX,2015-08-01,2.715
GDA_TETSTX,2015-07-31,2.805
GDA_TETSTX,2015-07-30,2.82
GDA_TETSTX,2015-07-29,2.785
GDA_TETSTX,2015-07-28,2.78
GDA_TETSTX,2015-07-27,2.79
GDA_TETSTX,2015-07-26,2.79
GDA_TETSTX,2015-07-25,2.79
GDA_TETSTX,2015-07-24,2.865
GDA_TETSTX,2015-07-23,2.865
GDA_TETSTX,2015-07-22,2.85
GDA_TETSTX,2015-07-21,2.78
GDA_TETSTX,2015-07-20,2.815
GDA_TETSTX,2015-07-19,2.815
GDA_TETSTX,2015-07-18,2.815
GDA_TETSTX,2015-07-17,2.845
GDA_TETSTX,2015-07-16,2.85
GDA_TETSTX,2015-07-15,2.87
GDA_TETSTX,2015-07-14,2.82
GDA_TETSTX,2015-07-13,2.72
GDA_TETSTX,2015-07-12,2.72
GDA_TETSTX,2015-07-11,2.72
GDA_TETSTX,2015-07-10,2.625
GDA_TETSTX,2015-07-09,2.67
GDA_TETSTX,2015-07-08,2.67
GDA_TETSTX,2015-07-07,2.67
GDA_TETSTX,2015-07-06,2.73
GDA_TETSTX,2015-07-05,2.73
GDA_TETSTX,2015-07-04,2.73
GDA_TETSTX,2015-07-03,2.73
GDA_TETSTX,2015-07-02,2.73
GDA_TETSTX,2015-07-01,2.71
GDA_TETSTX,2015-06-30,2.76
GDA_TETSTX,2015-06-29,2.69
GDA_TETSTX,2015-06-28,2.69
GDA_TETSTX,2015-06-27,2.69
GDA_TETSTX,2015-06-26,2.73
GDA_TETSTX,2015-06-25,2.69
GDA_TETSTX,2015-06-24,2.725
GDA_TETSTX,2015-06-23,2.705
GDA_TETSTX,2015-06-22,2.71
GDA_TETSTX,2015-06-21,2.71
GDA_TETSTX,2015-06-20,2.71
GDA_TETSTX,2015-06-19,2.78
GDA_TETSTX,2015-06-18,2.875
GDA_TETSTX,2015-06-17,2.845
GDA_TETSTX,2015-06-16,2.815
GDA_TETSTX,2015-06-15,2.75
GDA_TETSTX,2015-06-14,2.75
GDA_TETSTX,2015-06-13,2.75
GDA_TETSTX,2015-06-12,2.795
GDA_TETSTX,2015-06-11,2.815
GDA_TETSTX,2015-06-10,2.775
GDA_TETSTX,2015-06-09,2.635
GDA_TETSTX,2015-06-08,2.505
GDA_TETSTX,2015-06-07,2.505
GDA_TETSTX,2015-06-06,2.505
GDA_TETSTX,2015-06-05,2.53
GDA_TETSTX,2015-06-04,2.53
GDA_TETSTX,2015-06-03,2.55
GDA_TETSTX,2015-06-02,2.515
GDA_TETSTX,2015-06-01,2.545
GDA_TETSTX,2015-05-31,2.665
GDA_TETSTX,2015-05-30,2.665
GDA_TETSTX,2015-05-29,2.665
GDA_TETSTX,2015-05-28,2.73
GDA_TETSTX,2015-05-27,2.71
GDA_TETSTX,2015-05-26,2.81
GDA_TETSTX,2015-05-25,2.81
GDA_TETSTX,2015-05-24,2.81
GDA_TETSTX,2015-05-23,2.81
GDA_TETSTX,2015-05-22,2.855
GDA_TETSTX,2015-05-21,2.905
GDA_TETSTX,2015-05-20,3.025
GDA_TETSTX,2015-05-19,2.92
GDA_TETSTX,2015-05-18,2.9
GDA_TETSTX,2015-05-17,2.9
GDA_TETSTX,2015-05-16,2.9
GDA_TETSTX,2015-05-15,2.8
GDA_TETSTX,2015-05-14,2.805
GDA_TETSTX,2015-05-13,2.785
GDA_TETSTX,2015-05-12,2.775
GDA_TETSTX,2015-05-11,2.76
GDA_TETSTX,2015-05-10,2.76
GDA_TETSTX,2015-05-09,2.76
GDA_TETSTX,2015-05-08,2.7
GDA_TETSTX,2015-05-07,2.68
GDA_TETSTX,2015-05-06,2.665
GDA_TETSTX,2015-05-05,2.655
GDA_TETSTX,2015-05-04,2.605
GDA_TETSTX,2015-05-03,2.605
GDA_TETSTX,2015-05-02,2.605
GDA_TETSTX,2015-05-01,2.495
GDA_TETSTX,2015-04-30,2.48
GDA_TETSTX,2015-04-29,2.455
GDA_TETSTX,2015-04-28,2.4
GDA_TETSTX,2015-04-27,2.445
GDA_TETSTX,2015-04-26,2.445
GDA_TETSTX,2015-04-25,2.445
GDA_TETSTX,2015-04-24,2.465
GDA_TETSTX,2015-04-23,2.51
GDA_TETSTX,2015-04-22,2.49
GDA_TETSTX,2015-04-21,2.465
GDA_TETSTX,2015-04-20,2.555
GDA_TETSTX,2015-04-19,2.555
GDA_TETSTX,2015-04-18,2.555
GDA_TETSTX,2015-04-17,2.495
GDA_TETSTX,2015-04-16,2.48
GDA_TETSTX,2015-04-15,2.485
GDA_TETSTX,2015-04-14,2.455
GDA_TETSTX,2015-04-13,2.45
GDA_TETSTX,2015-04-12,2.45
GDA_TETSTX,2015-04-11,2.45
GDA_TETSTX,2015-04-10,2.51
GDA_TETSTX,2015-04-09,2.585
GDA_TETSTX,2015-04-08,2.6
GDA_TETSTX,2015-04-07,2.535
GDA_TETSTX,2015-04-06,2.535
GDA_TETSTX,2015-04-05,2.535
GDA_TETSTX,2015-04-04,2.535
GDA_TETSTX,2015-04-03,2.535
GDA_TETSTX,2015-04-02,2.525
GDA_TETSTX,2015-04-01,2.56
GDA_TETSTX,2015-03-31,2.545
GDA_TETSTX,2015-03-30,2.54
GDA_TETSTX,2015-03-29,2.54
GDA_TETSTX,2015-03-28,2.54
GDA_TETSTX,2015-03-27,2.625
GDA_TETSTX,2015-03-26,2.64
GDA_TETSTX,2015-03-25,2.675
GDA_TETSTX,2015-03-24,2.63
GDA_TETSTX,2015-03-23,2.72
GDA_TETSTX,2015-03-22,2.72
GDA_TETSTX,2015-03-21,2.72
GDA_TETSTX,2015-03-20,2.695
GDA_TETSTX,2015-03-19,2.665
GDA_TETSTX,2015-03-18,2.705
GDA_TETSTX,2015-03-17,2.56
GDA_TETSTX,2015-03-16,2.575
GDA_TETSTX,2015-03-15,2.575
GDA_TETSTX,2015-03-14,2.575
GDA_TETSTX,2015-03-13,2.685
GDA_TETSTX,2015-03-12,2.665
GDA_TETSTX,2015-03-11,2.625
GDA_TETSTX,2015-03-10,2.635
GDA_TETSTX,2015-03-09,2.805
GDA_TETSTX,2015-03-08,2.805
GDA_TETSTX,2015-03-07,2.805
GDA_TETSTX,2015-03-06,3.075
GDA_TETSTX,2015-03-05,3.23
GDA_TETSTX,2015-03-04,2.895
GDA_TETSTX,2015-03-03,2.785
GDA_TETSTX,2015-03-02,2.655
GDA_TETSTX,2015-03-01,2.655
GDA_TETSTX,2015-02-28,2.905
GDA_TETSTX,2015-02-27,2.905
GDA_TETSTX,2015-02-26,3.08
GDA_TETSTX,2015-02-25,2.975
GDA_TETSTX,2015-02-24,3.105
GDA_TETSTX,2015-02-23,2.91
GDA_TETSTX,2015-02-22,2.91
GDA_TETSTX,2015-02-21,2.91
GDA_TETSTX,2015-02-20,2.73
GDA_TETSTX,2015-02-19,2.73
GDA_TETSTX,2015-02-18,2.78
GDA_TETSTX,2015-02-17,2.62
GDA_TETSTX,2015-02-16,2.62
GDA_TETSTX,2015-02-15,2.62
GDA_TETSTX,2015-02-14,2.62
GDA_TETSTX,2015-02-13,2.705
GDA_TETSTX,2015-02-12,2.74
GDA_TETSTX,2015-02-11,2.555
GDA_TETSTX,2015-02-10,2.48
GDA_TETSTX,2015-02-09,2.44
GDA_TETSTX,2015-02-08,2.44
GDA_TETSTX,2015-02-07,2.44
GDA_TETSTX,2015-02-06,2.47
GDA_TETSTX,2015-02-05,2.6
GDA_TETSTX,2015-02-04,2.535
GDA_TETSTX,2015-02-03,2.51
GDA_TETSTX,2015-02-02,2.515
GDA_TETSTX,2015-02-01,2.515
GDA_TETSTX,2015-01-31,2.7
GDA_TETSTX,2015-01-30,2.7
GDA_TETSTX,2015-01-29,2.715
GDA_TETSTX,2015-01-28,2.775
GDA_TETSTX,2015-01-27,2.78
GDA_TETSTX,2015-01-26,2.82
GDA_TETSTX,2015-01-25,2.82
GDA_TETSTX,2015-01-24,2.82
GDA_TETSTX,2015-01-23,2.785
GDA_TETSTX,2015-01-22,2.815
GDA_TETSTX,2015-01-21,2.765
GDA_TETSTX,2015-01-20,2.95
GDA_TETSTX,2015-01-19,2.95
GDA_TETSTX,2015-01-18,2.95
GDA_TETSTX,2015-01-17,2.95
GDA_TETSTX,2015-01-16,3.21
GDA_TETSTX,2015-01-15,3.055
GDA_TETSTX,2015-01-14,2.84
GDA_TETSTX,2015-01-13,2.825
GDA_TETSTX,2015-01-12,2.9
GDA_TETSTX,2015-01-11,2.9
GDA_TETSTX,2015-01-10,2.9
GDA_TETSTX,2015-01-09,2.795
GDA_TETSTX,2015-01-08,2.975
GDA_TETSTX,2015-01-07,2.9
GDA_TETSTX,2015-01-06,3.04
GDA_TETSTX,2015-01-05,2.915
GDA_TETSTX,2015-01-04,2.915
GDA_TETSTX,2015-01-03,2.915
GDA_TETSTX,2015-01-02,2.92
GDA_TETSTX,2015-01-01,2.92
GDA_TETSTX,2014-12-31,3.015
GDA_TETSTX,2014-12-30,2.98
GDA_TETSTX,2014-12-29,2.515
GDA_TETSTX,2014-12-28,2.515
GDA_TETSTX,2014-12-27,2.515
GDA_TETSTX,2014-12-26,2.515
GDA_TETSTX,2014-12-25,2.515
GDA_TETSTX,2014-12-24,2.745
GDA_TETSTX,2014-12-23,2.81
GDA_TETSTX,2014-12-22,3.295
GDA_TETSTX,2014-12-21,3.295
GDA_TETSTX,2014-12-20,3.295
GDA_TETSTX,2014-12-19,3.51
GDA_TETSTX,2014-12-18,3.505
GDA_TETSTX,2014-12-17,3.445
GDA_TETSTX,2014-12-16,3.44
GDA_TETSTX,2014-12-15,3.4
GDA_TETSTX,2014-12-14,3.4
GDA_TETSTX,2014-12-13,3.4
GDA_TETSTX,2014-12-12,3.41
GDA_TETSTX,2014-12-11,3.46
GDA_TETSTX,2014-12-10,3.465
GDA_TETSTX,2014-12-09,3.4
GDA_TETSTX,2014-12-08,3.28
GDA_TETSTX,2014-12-07,3.28
GDA_TETSTX,2014-12-06,3.28
GDA_TETSTX,2014-12-05,3.34
GDA_TETSTX,2014-12-04,3.49
GDA_TETSTX,2014-12-03,3.575
GDA_TETSTX,2014-12-02,3.7
GDA_TETSTX,2014-12-01,4.09
GDA_TETSTX,2014-11-30,3.97
GDA_TETSTX,2014-11-29,3.97
GDA_TETSTX,2014-11-28,3.97
GDA_TETSTX,2014-11-27,3.97
GDA_TETSTX,2014-11-26,3.97
GDA_TETSTX,2014-11-25,3.975
GDA_TETSTX,2014-11-24,4.125
GDA_TETSTX,2014-11-23,4.125
GDA_TETSTX,2014-11-22,4.125
GDA_TETSTX,2014-11-21,4.25
GDA_TETSTX,2014-11-20,4.275
GDA_TETSTX,2014-11-19,4.185
GDA_TETSTX,2014-11-18,4.17
GDA_TETSTX,2014-11-17,3.99
GDA_TETSTX,2014-11-16,3.99
GDA_TETSTX,2014-11-15,3.99
GDA_TETSTX,2014-11-14,4.01
GDA_TETSTX,2014-11-13,4.11
GDA_TETSTX,2014-11-12,4.02
GDA_TETSTX,2014-11-11,4.06
GDA_TETSTX,2014-11-10,3.885
GDA_TETSTX,2014-11-09,3.885
GDA_TETSTX,2014-11-08,3.885
GDA_TETSTX,2014-11-07,3.84
GDA_TETSTX,2014-11-06,3.64
GDA_TETSTX,2014-11-05,3.43
GDA_TETSTX,2014-11-04,3.485
GDA_TETSTX,2014-11-03,3.605
GDA_TETSTX,2014-11-02,3.605
GDA_TETSTX,2014-11-01,3.605
GDA_TETSTX,2014-10-31,3.62
GDA_TETSTX,2014-10-30,3.545
GDA_TETSTX,2014-10-29,3.405
GDA_TETSTX,2014-10-28,3.415
GDA_TETSTX,2014-10-27,3.45
GDA_TETSTX,2014-10-26,3.45
GDA_TETSTX,2014-10-25,3.45
GDA_TETSTX,2014-10-24,3.515
GDA_TETSTX,2014-10-23,3.605
GDA_TETSTX,2014-10-22,3.59
GDA_TETSTX,2014-10-21,3.585
GDA_TETSTX,2014-10-20,3.6
GDA_TETSTX,2014-10-19,3.6
GDA_TETSTX,2014-10-18,3.6
GDA_TETSTX,2014-10-17,3.655
GDA_TETSTX,2014-10-16,3.67
GDA_TETSTX,2014-10-15,3.775
GDA_TETSTX,2014-10-14,3.75
GDA_TETSTX,2014-10-13,3.755
GDA_TETSTX,2014-10-12,3.755
GDA_TETSTX,2014-10-11,3.755
GDA_TETSTX,2014-10-10,3.795
GDA_TETSTX,2014-10-09,3.85
GDA_TETSTX,2014-10-08,3.825
GDA_TETSTX,2014-10-07,3.795
GDA_TETSTX,2014-10-06,3.815
GDA_TETSTX,2014-10-05,3.815
GDA_TETSTX,2014-10-04,3.815
GDA_TETSTX,2014-10-03,3.835
GDA_TETSTX,2014-10-02,4.045
GDA_TETSTX,2014-10-01,4.025
GDA_TETSTX,2014-09-30,3.94
GDA_TETSTX,2014-09-29,3.85
GDA_TETSTX,2014-09-28,3.85
GDA_TETSTX,2014-09-27,3.85
GDA_TETSTX,2014-09-26,3.81
GDA_TETSTX,2014-09-25,3.8
GDA_TETSTX,2014-09-24,3.85
GDA_TETSTX,2014-09-23,3.87
GDA_TETSTX,2014-09-22,3.81
GDA_TETSTX,2014-09-21,3.81
GDA_TETSTX,2014-09-20,3.81
GDA_TETSTX,2014-09-19,3.95
GDA_TETSTX,2014-09-18,4.01
GDA_TETSTX,2014-09-17,3.88
GDA_TETSTX,2014-09-16,3.89
GDA_TETSTX,2014-09-15,3.75
GDA_TETSTX,2014-09-14,3.75
GDA_TETSTX,2014-09-13,3.75
GDA_TETSTX,2014-09-12,3.835
GDA_TETSTX,2014-09-11,3.945
GDA_TETSTX,2014-09-10,3.935
GDA_TETSTX,2014-09-09,3.815
GDA_TETSTX,2014-09-08,3.755
GDA_TETSTX,2014-09-07,3.755
GDA_TETSTX,2014-09-06,3.755
GDA_TETSTX,2014-09-05,3.865
GDA_TETSTX,2014-09-04,3.865
GDA_TETSTX,2014-09-03,3.95
GDA_TETSTX,2014-09-02,3.97
GDA_TETSTX,2014-09-01,3.97
GDA_TETSTX,2014-08-31,3.94
GDA_TETSTX,2014-08-30,3.94
GDA_TETSTX,2014-08-29,3.94
GDA_TETSTX,2014-08-28,3.97
GDA_TETSTX,2014-08-27,3.915
GDA_TETSTX,2014-08-26,3.9
GDA_TETSTX,2014-08-25,3.87
GDA_TETSTX,2014-08-24,3.87
GDA_TETSTX,2014-08-23,3.87
GDA_TETSTX,2014-08-22,3.86
GDA_TETSTX,2014-08-21,3.825
GDA_TETSTX,2014-08-20,3.82
GDA_TETSTX,2014-08-19,3.79
GDA_TETSTX,2014-08-18,3.815
GDA_TETSTX,2014-08-17,3.815
GDA_TETSTX,2014-08-16,3.815
GDA_TETSTX,2014-08-15,3.87
GDA_TETSTX,2014-08-14,3.87
GDA_TETSTX,2014-08-13,3.92
GDA_TETSTX,2014-08-12,3.945
GDA_TETSTX,2014-08-11,3.91
GDA_TETSTX,2014-08-10,3.91
GDA_TETSTX,2014-08-09,3.91
GDA_TETSTX,2014-08-08,3.945
GDA_TETSTX,2014-08-07,3.86
GDA_TETSTX,2014-08-06,3.86
GDA_TETSTX,2014-08-05,3.72
GDA_TETSTX,2014-08-04,3.69
GDA_TETSTX,2014-08-03,3.69
GDA_TETSTX,2014-08-02,3.69
GDA_TETSTX,2014-08-01,3.695
GDA_TETSTX,2014-07-31,3.7
GDA_TETSTX,2014-07-30,3.705
GDA_TETSTX,2014-07-29,3.765
GDA_TETSTX,2014-07-28,3.75
GDA_TETSTX,2014-07-27,3.75
GDA_TETSTX,2014-07-26,3.75
GDA_TETSTX,2014-07-25,3.79
GDA_TETSTX,2014-07-24,3.76
GDA_TETSTX,2014-07-23,3.795
GDA_TETSTX,2014-07-22,3.82
GDA_TETSTX,2014-07-21,3.85
GDA_TETSTX,2014-07-20,3.85
GDA_TETSTX,2014-07-19,3.85
GDA_TETSTX,2014-07-18,3.955
GDA_TETSTX,2014-07-17,4.065
GDA_TETSTX,2014-07-16,4.07
GDA_TETSTX,2014-07-15,4.075
GDA_TETSTX,2014-07-14,4.045
GDA_TETSTX,2014-07-13,4.045
GDA_TETSTX,2014-07-12,4.045
GDA_TETSTX,2014-07-11,4.095
GDA_TETSTX,2014-07-10,4.125
GDA_TETSTX,2014-07-09,4.165
GDA_TETSTX,2014-07-08,4.28
GDA_TETSTX,2014-07-07,4.28
GDA_TETSTX,2014-07-06,4.28
GDA_TETSTX,2014-07-05,4.28
GDA_TETSTX,2014-07-04,4.28
GDA_TETSTX,2014-07-03,4.345
GDA_TETSTX,2014-07-02,4.38
GDA_TETSTX,2014-07-01,4.34
GDA_TETSTX,2014-06-30,4.325
GDA_TETSTX,2014-06-29,4.325
GDA_TETSTX,2014-06-28,4.325
GDA_TETSTX,2014-06-27,4.45
GDA_TETSTX,2014-06-26,4.505
GDA_TETSTX,2014-06-25,4.5
GDA_TETSTX,2014-06-24,4.44
GDA_TETSTX,2014-06-23,4.5
GDA_TETSTX,2014-06-22,4.5
GDA_TETSTX,2014-06-21,4.5
GDA_TETSTX,2014-06-20,4.62
GDA_TETSTX,2014-06-19,4.69
GDA_TETSTX,2014-06-18,4.68
GDA_TETSTX,2014-06-17,4.655
GDA_TETSTX,2014-06-16,4.63
GDA_TETSTX,2014-06-15,4.63
GDA_TETSTX,2014-06-14,4.63
GDA_TETSTX,2014-06-13,4.45
GDA_TETSTX,2014-06-12,4.5
GDA_TETSTX,2014-06-11,4.52
GDA_TETSTX,2014-06-10,4.64
GDA_TETSTX,2014-06-09,4.57
GDA_TETSTX,2014-06-08,4.57
GDA_TETSTX,2014-06-07,4.57
GDA_TETSTX,2014-06-06,4.56
GDA_TETSTX,2014-06-05,4.6
GDA_TETSTX,2014-06-04,4.62
GDA_TETSTX,2014-06-03,4.525
GDA_TETSTX,2014-06-02,4.43
GDA_TETSTX,2014-06-01,4.43
GDA_TETSTX,2014-05-31,4.55
GDA_TETSTX,2014-05-30,4.55
GDA_TETSTX,2014-05-29,4.44
GDA_TETSTX,2014-05-28,4.37
GDA_TETSTX,2014-05-27,4.305
GDA_TETSTX,2014-05-26,4.305
GDA_TETSTX,2014-05-25,4.305
GDA_TETSTX,2014-05-24,4.305
GDA_TETSTX,2014-05-23,4.385
GDA_TETSTX,2014-05-22,4.475
GDA_TETSTX,2014-05-21,4.44
GDA_TETSTX,2014-05-20,4.405
GDA_TETSTX,2014-05-19,4.355
GDA_TETSTX,2014-05-18,4.355
GDA_TETSTX,2014-05-17,4.355
GDA_TETSTX,2014-05-16,4.28
GDA_TETSTX,2014-05-15,4.315
GDA_TETSTX,2014-05-14,4.35
GDA_TETSTX,2014-05-13,4.37
GDA_TETSTX,2014-05-12,4.45
GDA_TETSTX,2014-05-11,4.45
GDA_TETSTX,2014-05-10,4.45
GDA_TETSTX,2014-05-09,4.615
GDA_TETSTX,2014-05-08,4.69
GDA_TETSTX,2014-05-07,4.675
GDA_TETSTX,2014-05-06,4.635
GDA_TETSTX,2014-05-05,4.64
GDA_TETSTX,2014-05-04,4.64
GDA_TETSTX,2014-05-03,4.64
GDA_TETSTX,2014-05-02,4.7
GDA_TETSTX,2014-05-01,4.675
GDA_TETSTX,2014-04-30,4.68
GDA_TETSTX,2014-04-29,4.67
GDA_TETSTX,2014-04-28,4.61
GDA_TETSTX,2014-04-27,4.61
GDA_TETSTX,2014-04-26,4.61
GDA_TETSTX,2014-04-25,4.685
GDA_TETSTX,2014-04-24,4.695
GDA_TETSTX,2014-04-23,4.65
GDA_TETSTX,2014-04-22,4.665
GDA_TETSTX,2014-04-21,4.455
GDA_TETSTX,2014-04-20,4.455
GDA_TETSTX,2014-04-19,4.455
GDA_TETSTX,2014-04-18,4.455
GDA_TETSTX,2014-04-17,4.5
GDA_TETSTX,2014-04-16,4.56
GDA_TETSTX,2014-04-15,4.56
GDA_TETSTX,2014-04-14,4.55
GDA_TETSTX,2014-04-13,4.55
GDA_TETSTX,2014-04-12,4.55
GDA_TETSTX,2014-04-11,4.465
GDA_TETSTX,2014-04-10,4.505
GDA_TETSTX,2014-04-09,4.5
GDA_TETSTX,2014-04-08,4.485
GDA_TETSTX,2014-04-07,4.385
GDA_TETSTX,2014-04-06,4.385
GDA_TETSTX,2014-04-05,4.385
GDA_TETSTX,2014-04-04,4.36
GDA_TETSTX,2014-04-03,4.3
GDA_TETSTX,2014-04-02,4.33
GDA_TETSTX,2014-04-01,4.355
GDA_TETSTX,2014-03-31,4.38
GDA_TETSTX,2014-03-30,4.38
GDA_TETSTX,2014-03-29,4.38
GDA_TETSTX,2014-03-28,4.295
GDA_TETSTX,2014-03-27,4.305
GDA_TETSTX,2014-03-26,4.415
GDA_TETSTX,2014-03-25,4.32
GDA_TETSTX,2014-03-24,4.295
GDA_TETSTX,2014-03-23,4.295
GDA_TETSTX,2014-03-22,4.295
GDA_TETSTX,2014-03-21,4.29
GDA_TETSTX,2014-03-20,4.315
GDA_TETSTX,2014-03-19,4.37
GDA_TETSTX,2014-03-18,4.455
GDA_TETSTX,2014-03-17,4.295
GDA_TETSTX,2014-03-16,4.295
GDA_TETSTX,2014-03-15,4.295
GDA_TETSTX,2014-03-14,4.31
GDA_TETSTX,2014-03-13,4.55
GDA_TETSTX,2014-03-12,4.58
GDA_TETSTX,2014-03-11,4.61
GDA_TETSTX,2014-03-10,4.75
GDA_TETSTX,2014-03-09,4.75
GDA_TETSTX,2014-03-08,4.75
GDA_TETSTX,2014-03-07,4.71
GDA_TETSTX,2014-03-06,6.005
GDA_TETSTX,2014-03-05,7.82
GDA_TETSTX,2014-03-04,7.285
GDA_TETSTX,2014-03-03,4.685
GDA_TETSTX,2014-03-02,4.685
GDA_TETSTX,2014-03-01,4.685
GDA_TETSTX,2014-02-28,4.5
GDA_TETSTX,2014-02-27,4.74
GDA_TETSTX,2014-02-26,4.805
GDA_TETSTX,2014-02-25,5.915
GDA_TETSTX,2014-02-24,6.105
GDA_TETSTX,2014-02-23,6.105
GDA_TETSTX,2014-02-22,6.105
GDA_TETSTX,2014-02-21,5.77
GDA_TETSTX,2014-02-20,5.795
GDA_TETSTX,2014-02-19,5.54
GDA_TETSTX,2014-02-18,5.45
GDA_TETSTX,2014-02-17,5.45
GDA_TETSTX,2014-02-16,5.45
GDA_TETSTX,2014-02-15,5.45
GDA_TETSTX,2014-02-14,5.165
GDA_TETSTX,2014-02-13,5.685
GDA_TETSTX,2014-02-12,7.68
GDA_TETSTX,2014-02-11,7.67
GDA_TETSTX,2014-02-10,5.63
GDA_TETSTX,2014-02-09,5.63
GDA_TETSTX,2014-02-08,5.63
GDA_TETSTX,2014-02-07,6.575
GDA_TETSTX,2014-02-06,8.15
GDA_TETSTX,2014-02-05,5.685
GDA_TETSTX,2014-02-04,4.975
GDA_TETSTX,2014-02-03,4.915
GDA_TETSTX,2014-02-02,4.915
GDA_TETSTX,2014-02-01,4.915
GDA_TETSTX,2014-01-31,5.04
GDA_TETSTX,2014-01-30,5.035
GDA_TETSTX,2014-01-29,5.055
GDA_TETSTX,2014-01-28,5.465
GDA_TETSTX,2014-01-27,4.985
GDA_TETSTX,2014-01-26,4.985
GDA_TETSTX,2014-01-25,4.985
GDA_TETSTX,2014-01-24,5.205
GDA_TETSTX,2014-01-23,4.83
GDA_TETSTX,2014-01-22,4.5
GDA_TETSTX,2014-01-21,4.235
GDA_TETSTX,2014-01-20,4.235
GDA_TETSTX,2014-01-19,4.235
GDA_TETSTX,2014-01-18,4.235
GDA_TETSTX,2014-01-17,4.32
GDA_TETSTX,2014-01-16,4.235
GDA_TETSTX,2014-01-15,4.24
GDA_TETSTX,2014-01-14,4.045
GDA_TETSTX,2014-01-13,3.815
GDA_TETSTX,2014-01-12,3.815
GDA_TETSTX,2014-01-11,3.815
GDA_TETSTX,2014-01-10,4.04
GDA_TETSTX,2014-01-09,4.22
GDA_TETSTX,2014-01-08,4.43
GDA_TETSTX,2014-01-07,4.355
GDA_TETSTX,2014-01-06,4.185
GDA_TETSTX,2014-01-05,4.185
GDA_TETSTX,2014-01-04,4.185
GDA_TETSTX,2014-01-03,4.17
GDA_TETSTX,2014-01-02,4.165
GDA_TETSTX,2014-01-01,4.165
