Variable,Date,Price
Henry Hub,2016-01-01,2.31
Henry Hub,2016-01-02,2.31
Henry Hub,2016-01-03,2.31
Henry Hub,2016-01-04,2.31
Henry Hub,2016-01-05,2.385
Henry Hub,2016-01-06,2.325
Henry Hub,2016-01-07,2.345
Henry Hub,2016-01-08,2.345
Henry Hub,2016-01-09,2.47
Henry Hub,2016-01-10,2.47
Henry Hub,2016-01-11,2.47
Henry Hub,2016-01-12,2.525
Henry Hub,2016-01-13,2.385
Henry Hub,2016-01-14,2.305
Henry Hub,2016-01-15,2.195
Henry Hub,2016-01-16,2.19
Henry Hub,2016-01-17,2.19
Henry Hub,2016-01-18,2.19
Henry Hub,2016-01-19,2.19
Henry Hub,2016-01-20,2.215
Henry Hub,2016-01-21,2.145
Henry Hub,2016-01-22,2.2
Henry Hub,2016-01-23,2.225
Henry Hub,2016-01-24,2.225
Henry Hub,2016-01-25,2.225
Henry Hub,2016-01-26,2.15
Henry Hub,2016-01-27,2.23
Henry Hub,2016-01-28,2.235
Henry Hub,2016-01-29,2.12
Henry Hub,2016-01-30,2.12
Henry Hub,2016-01-31,2.12
Henry Hub,2016-02-01,2.26
Henry Hub,2016-02-02,2.185
Henry Hub,2016-02-03,2.025
Henry Hub,2016-02-04,2.06
Henry Hub,2016-02-05,2.045
Henry Hub,2016-02-06,2.085
Henry Hub,2016-02-07,2.085
Henry Hub,2016-02-08,2.085
Henry Hub,2016-02-09,2.225
Henry Hub,2016-02-10,2.165
Henry Hub,2016-02-11,2.125
Henry Hub,2016-02-12,2.12
Henry Hub,2016-02-13,2.065
Henry Hub,2016-02-14,2.065
Henry Hub,2016-02-15,2.065
Henry Hub,2016-02-16,2.065
Henry Hub,2016-02-17,1.92
Henry Hub,2016-02-18,1.915
Henry Hub,2016-02-19,1.875
Henry Hub,2016-02-20,1.81
Henry Hub,2016-02-21,1.81
Henry Hub,2016-02-22,1.81
Henry Hub,2016-02-23,1.84
Henry Hub,2016-02-24,1.83
Henry Hub,2016-02-25,1.795
Henry Hub,2016-02-26,1.765
Henry Hub,2016-02-27,1.665
Henry Hub,2016-02-28,1.665
Henry Hub,2016-02-29,1.665
Henry Hub,2016-03-01,1.6
Henry Hub,2016-03-02,1.57
Henry Hub,2016-03-03,1.59
Henry Hub,2016-03-04,1.56
Henry Hub,2016-03-05,1.485
Henry Hub,2016-03-06,1.485
Henry Hub,2016-03-07,1.485
Henry Hub,2016-03-08,1.525
Henry Hub,2016-03-09,1.55
Henry Hub,2016-03-10,1.575
Henry Hub,2016-03-11,1.695
Henry Hub,2016-03-12,1.72
Henry Hub,2016-03-13,1.72
Henry Hub,2016-03-14,1.72
Henry Hub,2016-03-15,1.685
Henry Hub,2016-03-16,1.775
Henry Hub,2016-03-17,1.74
Henry Hub,2016-03-18,1.81
Henry Hub,2016-03-19,1.84
Henry Hub,2016-03-20,1.84
Henry Hub,2016-03-21,1.84
Henry Hub,2016-03-22,1.76
Henry Hub,2016-03-23,1.755
Henry Hub,2016-03-24,1.805
Henry Hub,2016-03-25,1.73
Henry Hub,2016-03-26,1.73
Henry Hub,2016-03-27,1.73
Henry Hub,2016-03-28,1.73
Henry Hub,2016-03-29,1.73
Henry Hub,2016-03-30,1.765
Henry Hub,2016-03-31,1.835
Henry Hub,2016-04-01,1.925
Henry Hub,2016-04-02,1.87
Henry Hub,2016-04-03,1.87
Henry Hub,2016-04-04,1.87
Henry Hub,2016-04-05,1.94
Henry Hub,2016-04-06,1.91
Henry Hub,2016-04-07,1.865
Henry Hub,2016-04-08,1.94
Henry Hub,2016-04-09,1.975
Henry Hub,2016-04-10,1.975
Henry Hub,2016-04-11,1.975
Henry Hub,2016-04-12,1.88
Henry Hub,2016-04-13,1.94
Henry Hub,2016-04-14,1.98
Henry Hub,2016-04-15,1.91
Henry Hub,2016-04-16,1.705
Henry Hub,2016-04-17,1.705
Henry Hub,2016-04-18,1.705
Henry Hub,2016-04-19,1.765
Henry Hub,2016-04-20,1.915
Henry Hub,2016-04-21,2.015
Henry Hub,2016-04-22,1.935
Henry Hub,2016-04-23,1.9
Henry Hub,2016-04-24,1.9
Henry Hub,2016-04-25,1.9
Henry Hub,2016-04-26,1.97
Henry Hub,2016-04-27,1.88
Henry Hub,2016-04-28,1.88
Henry Hub,2016-04-29,1.895
Henry Hub,2016-04-30,1.895
Henry Hub,2016-05-01,1.905
Henry Hub,2016-05-02,1.905
Henry Hub,2016-05-03,1.91
Henry Hub,2016-05-04,1.92
Henry Hub,2016-05-05,1.995
Henry Hub,2016-05-06,2.035
Henry Hub,2016-05-07,1.84
Henry Hub,2016-05-08,1.84
Henry Hub,2016-05-09,1.84
Henry Hub,2016-05-10,1.97
Henry Hub,2016-05-11,2.045
Henry Hub,2016-05-12,2.01
Henry Hub,2016-05-13,2.005
Henry Hub,2016-05-14,1.955
Henry Hub,2016-05-15,1.955
Henry Hub,2016-05-16,1.955
Henry Hub,2016-05-17,1.905
Henry Hub,2016-05-18,1.97
Henry Hub,2016-05-19,1.91
Henry Hub,2016-05-20,1.83
Henry Hub,2016-05-21,1.815
Henry Hub,2016-05-22,1.815
Henry Hub,2016-05-23,1.815
Henry Hub,2016-05-24,1.955
Henry Hub,2016-05-25,1.91
Henry Hub,2016-05-26,1.78
Henry Hub,2016-05-27,1.75
Henry Hub,2016-05-28,1.78
Henry Hub,2016-05-29,1.78
Henry Hub,2016-05-30,1.78
Henry Hub,2016-05-31,1.78
Henry Hub,2016-06-01,2.085
Henry Hub,2016-06-02,2.255
Henry Hub,2016-06-03,2.3
Henry Hub,2016-06-04,2.315
Henry Hub,2016-06-05,2.315
Henry Hub,2016-06-06,2.315
Henry Hub,2016-06-07,2.325
Henry Hub,2016-06-08,2.285
Henry Hub,2016-06-09,2.33
Henry Hub,2016-06-10,2.305
Henry Hub,2016-06-11,2.415
Henry Hub,2016-06-12,2.415
Henry Hub,2016-06-13,2.415
Henry Hub,2016-06-14,2.525
Henry Hub,2016-06-15,2.515
Henry Hub,2016-06-16,2.62
Henry Hub,2016-06-17,2.605
Henry Hub,2016-06-18,2.58
Henry Hub,2016-06-19,2.58
Henry Hub,2016-06-20,2.58
Henry Hub,2016-06-21,2.735
Henry Hub,2016-06-22,2.76
Henry Hub,2016-06-23,2.78
Henry Hub,2016-06-24,2.68
Henry Hub,2016-06-25,2.675
Henry Hub,2016-06-26,2.675
Henry Hub,2016-06-27,2.675
Henry Hub,2016-06-28,2.76
Henry Hub,2016-06-29,2.855
Henry Hub,2016-06-30,2.93
Henry Hub,2016-07-01,2.9
Henry Hub,2016-07-02,2.875
Henry Hub,2016-07-03,2.875
Henry Hub,2016-07-04,2.875
Henry Hub,2016-07-05,2.875
Henry Hub,2016-07-06,2.82
Henry Hub,2016-07-07,2.755
Henry Hub,2016-07-08,2.85
Henry Hub,2016-07-09,2.77
Henry Hub,2016-07-10,2.77
Henry Hub,2016-07-11,2.77
Henry Hub,2016-07-12,2.845
Henry Hub,2016-07-13,2.75
Henry Hub,2016-07-14,2.805
Henry Hub,2016-07-15,2.775
Henry Hub,2016-07-16,2.665
Henry Hub,2016-07-17,2.665
Henry Hub,2016-07-18,2.665
Henry Hub,2016-07-19,2.81
Henry Hub,2016-07-20,2.805
Henry Hub,2016-07-21,2.72
Henry Hub,2016-07-22,2.705
Henry Hub,2016-07-23,2.785
Henry Hub,2016-07-24,2.785
Henry Hub,2016-07-25,2.785
Henry Hub,2016-07-26,2.8
Henry Hub,2016-07-27,2.715
Henry Hub,2016-07-28,2.795
Henry Hub,2016-07-29,2.765
Henry Hub,2016-07-30,2.765
Henry Hub,2016-07-31,2.765
Henry Hub,2016-08-01,2.945
Henry Hub,2016-08-02,2.87
Henry Hub,2016-08-03,2.79
Henry Hub,2016-08-04,2.885
Henry Hub,2016-08-05,2.885
Henry Hub,2016-08-06,2.85
Henry Hub,2016-08-07,2.85
Henry Hub,2016-08-08,2.85
Henry Hub,2016-08-09,2.83
Henry Hub,2016-08-10,2.75
Henry Hub,2016-08-11,2.73
Henry Hub,2016-08-12,2.67
Henry Hub,2016-08-13,2.7
Henry Hub,2016-08-14,2.7
Henry Hub,2016-08-15,2.7
Henry Hub,2016-08-16,2.71
Henry Hub,2016-08-17,2.71
Henry Hub,2016-08-18,2.705
Henry Hub,2016-08-19,2.71
Henry Hub,2016-08-20,2.645
Henry Hub,2016-08-21,2.645
Henry Hub,2016-08-22,2.645
Henry Hub,2016-08-23,2.74
Henry Hub,2016-08-24,2.71
Henry Hub,2016-08-25,2.775
Henry Hub,2016-08-26,2.86
Henry Hub,2016-08-27,2.87
Henry Hub,2016-08-28,2.87
Henry Hub,2016-08-29,2.87
Henry Hub,2016-08-30,2.95
Henry Hub,2016-08-31,2.925
Henry Hub,2016-09-01,2.935
Henry Hub,2016-09-02,2.91
Henry Hub,2016-09-03,2.85
Henry Hub,2016-09-04,2.85
Henry Hub,2016-09-05,2.85
Henry Hub,2016-09-06,2.85
Henry Hub,2016-09-07,2.825
Henry Hub,2016-09-08,2.815
Henry Hub,2016-09-09,2.84
Henry Hub,2016-09-10,2.925
Henry Hub,2016-09-11,2.925
Henry Hub,2016-09-12,2.925
Henry Hub,2016-09-13,2.99
Henry Hub,2016-09-14,3.06
Henry Hub,2016-09-15,3.045
Henry Hub,2016-09-16,2.945
Henry Hub,2016-09-17,2.945
Henry Hub,2016-09-18,2.945
Henry Hub,2016-09-19,2.945
Henry Hub,2016-09-20,2.975
Henry Hub,2016-09-21,3.085
Henry Hub,2016-09-22,3.135
Henry Hub,2016-09-23,3.14
Henry Hub,2016-09-24,3.035
Henry Hub,2016-09-25,3.035
Henry Hub,2016-09-26,3.035
Henry Hub,2016-09-27,3.045
Henry Hub,2016-09-28,3.035
Henry Hub,2016-09-29,2.975
Henry Hub,2016-09-30,2.95
Henry Hub,2016-10-01,2.835
Henry Hub,2016-10-02,2.835
Henry Hub,2016-10-03,2.835
Henry Hub,2016-10-04,2.81
Henry Hub,2016-10-05,2.83
Henry Hub,2016-10-06,2.87
Henry Hub,2016-10-07,2.99
Henry Hub,2016-10-08,2.965
Henry Hub,2016-10-09,2.965
Henry Hub,2016-10-10,2.965
Henry Hub,2016-10-11,3.14
Henry Hub,2016-10-12,3.14
Henry Hub,2016-10-13,3.175
Henry Hub,2016-10-14,3.16
Henry Hub,2016-10-15,3.125
Henry Hub,2016-10-16,3.125
Henry Hub,2016-10-17,3.125
Henry Hub,2016-10-18,3.165
Henry Hub,2016-10-19,3.21
Henry Hub,2016-10-20,3.145
Henry Hub,2016-10-21,3.075
Henry Hub,2016-10-22,2.86
Henry Hub,2016-10-23,2.86
Henry Hub,2016-10-24,2.86
Henry Hub,2016-10-25,2.75
Henry Hub,2016-10-26,2.68
Henry Hub,2016-10-27,2.675
Henry Hub,2016-10-28,2.685
Henry Hub,2016-10-29,2.645
Henry Hub,2016-10-30,2.645
Henry Hub,2016-10-31,2.645
Henry Hub,2016-11-01,2.785
Henry Hub,2016-11-02,2.515
Henry Hub,2016-11-03,2.285
Henry Hub,2016-11-04,2.37
Henry Hub,2016-11-05,2.195
Henry Hub,2016-11-06,2.195
Henry Hub,2016-11-07,2.195
Henry Hub,2016-11-08,2.335
Henry Hub,2016-11-09,2.32
Henry Hub,2016-11-10,2.21
Henry Hub,2016-11-11,2.06
Henry Hub,2016-11-12,2.015
Henry Hub,2016-11-13,2.015
Henry Hub,2016-11-14,2.015
Henry Hub,2016-11-15,2.2
Henry Hub,2016-11-16,2.49
Henry Hub,2016-11-17,2.52
Henry Hub,2016-11-18,2.32
Henry Hub,2016-11-19,2.58
Henry Hub,2016-11-20,2.58
Henry Hub,2016-11-21,2.58
Henry Hub,2016-11-22,2.795
Henry Hub,2016-11-23,2.73
Henry Hub,2016-11-24,2.745
Henry Hub,2016-11-25,2.745
Henry Hub,2016-11-26,2.745
Henry Hub,2016-11-27,2.745
Henry Hub,2016-11-28,2.745
Henry Hub,2016-11-29,2.92
Henry Hub,2016-11-30,3.035
Henry Hub,2016-12-01,3.285
Henry Hub,2016-12-02,3.405
Henry Hub,2016-12-03,3.41
Henry Hub,2016-12-04,3.41
Henry Hub,2016-12-05,3.41
Henry Hub,2016-12-06,3.6
Henry Hub,2016-12-07,3.705
Henry Hub,2016-12-08,3.765
Henry Hub,2016-12-09,3.66
Henry Hub,2016-12-10,3.75
Henry Hub,2016-12-11,3.75
Henry Hub,2016-12-12,3.75
Henry Hub,2016-12-13,3.575
Henry Hub,2016-12-14,3.605
Henry Hub,2016-12-15,3.515
Henry Hub,2016-12-16,3.55
Henry Hub,2016-12-17,3.46
Henry Hub,2016-12-18,3.46
Henry Hub,2016-12-19,3.46
Henry Hub,2016-12-20,3.535
Henry Hub,2016-12-21,3.36
Henry Hub,2016-12-22,3.51
Henry Hub,2016-12-23,3.57
Henry Hub,2016-12-24,3.585
Henry Hub,2016-12-25,3.585
Henry Hub,2016-12-26,3.585
Henry Hub,2016-12-27,3.585
Henry Hub,2016-12-28,3.675
Henry Hub,2016-12-29,3.675
Henry Hub,2016-12-30,3.68
Henry Hub,2016-12-31,3.68
Henry Hub,2017-01-01,3.65
Henry Hub,2017-01-02,3.65
Henry Hub,2017-01-03,3.65
Henry Hub,2017-01-04,3.39
Henry Hub,2017-01-05,3.37
Henry Hub,2017-01-06,3.295
Henry Hub,2017-01-07,3.335
Henry Hub,2017-01-08,3.335
Henry Hub,2017-01-09,3.335
Henry Hub,2017-01-10,3.12
Henry Hub,2017-01-11,3.21
Henry Hub,2017-01-12,3.275
Henry Hub,2017-01-13,3.325
Henry Hub,2017-01-14,3.365
Henry Hub,2017-01-15,3.365
Henry Hub,2017-01-16,3.365
Henry Hub,2017-01-17,3.365
Henry Hub,2017-01-18,3.305
Henry Hub,2017-01-19,3.255
Henry Hub,2017-01-20,3.215
Henry Hub,2017-01-21,3.205
Henry Hub,2017-01-22,3.205
Henry Hub,2017-01-23,3.205
Henry Hub,2017-01-24,3.15
Henry Hub,2017-01-25,3.25
Henry Hub,2017-01-26,3.255
Henry Hub,2017-01-27,3.42
Henry Hub,2017-01-28,3.285
Henry Hub,2017-01-29,3.285
Henry Hub,2017-01-30,3.285
Henry Hub,2017-01-31,3.195
Henry Hub,2017-02-01,3.005
Henry Hub,2017-02-02,3.12
Henry Hub,2017-02-03,3.1
Henry Hub,2017-02-04,3
Henry Hub,2017-02-05,3
Henry Hub,2017-02-06,3
Henry Hub,2017-02-07,2.925
Henry Hub,2017-02-08,3.035
Henry Hub,2017-02-09,3.045
Henry Hub,2017-02-10,3.1
Henry Hub,2017-02-11,2.925
Henry Hub,2017-02-12,2.925
Henry Hub,2017-02-13,2.925
Henry Hub,2017-02-14,2.91
Henry Hub,2017-02-15,2.855
Henry Hub,2017-02-16,2.92
Henry Hub,2017-02-17,2.82
Henry Hub,2017-02-18,2.745
Henry Hub,2017-02-19,2.745
Henry Hub,2017-02-20,2.745
Henry Hub,2017-02-21,2.745
Henry Hub,2017-02-22,2.515
Henry Hub,2017-02-23,2.535
Henry Hub,2017-02-24,2.6
Henry Hub,2017-02-25,2.48
Henry Hub,2017-02-26,2.48
Henry Hub,2017-02-27,2.48
Henry Hub,2017-02-28,2.435
Henry Hub,2017-03-01,2.51
Henry Hub,2017-03-02,2.6
Henry Hub,2017-03-03,2.59
Henry Hub,2017-03-04,2.53
Henry Hub,2017-03-05,2.53
Henry Hub,2017-03-06,2.53
Henry Hub,2017-03-07,2.685
Henry Hub,2017-03-08,2.575
Henry Hub,2017-03-09,2.685
Henry Hub,2017-03-10,2.845
Henry Hub,2017-03-11,2.975
Henry Hub,2017-03-12,2.975
Henry Hub,2017-03-13,2.975
Henry Hub,2017-03-14,3.05
Henry Hub,2017-03-15,3.04
Henry Hub,2017-03-16,3.005
Henry Hub,2017-03-17,2.84
Henry Hub,2017-03-18,2.83
Henry Hub,2017-03-19,2.83
Henry Hub,2017-03-20,2.83
Henry Hub,2017-03-21,2.925
Henry Hub,2017-03-22,3.065
Henry Hub,2017-03-23,2.995
Henry Hub,2017-03-24,2.935
Henry Hub,2017-03-25,2.925
Henry Hub,2017-03-26,2.925
Henry Hub,2017-03-27,2.925
Henry Hub,2017-03-28,2.955
Henry Hub,2017-03-29,2.935
Henry Hub,2017-03-30,3.035
Henry Hub,2017-03-31,3.065
Henry Hub,2017-04-01,3.095
Henry Hub,2017-04-02,3.095
Henry Hub,2017-04-03,3.095
Henry Hub,2017-04-04,3.065
Henry Hub,2017-04-05,3.07
Henry Hub,2017-04-06,3.21
Henry Hub,2017-04-07,3.23
Henry Hub,2017-04-08,3.195
Henry Hub,2017-04-09,3.195
Henry Hub,2017-04-10,3.195
Henry Hub,2017-04-11,3.15
Henry Hub,2017-04-12,3.08
Henry Hub,2017-04-13,2.995
Henry Hub,2017-04-14,2.985
Henry Hub,2017-04-15,2.985
Henry Hub,2017-04-16,2.985
Henry Hub,2017-04-17,2.985
Henry Hub,2017-04-18,3.065
Henry Hub,2017-04-19,3.06
Henry Hub,2017-04-20,3.125
Henry Hub,2017-04-21,3.1
Henry Hub,2017-04-22,3.045
Henry Hub,2017-04-23,3.045
Henry Hub,2017-04-24,3.045
Henry Hub,2017-04-25,2.98
Henry Hub,2017-04-26,2.955
Henry Hub,2017-04-27,3.02
Henry Hub,2017-04-28,3.075
Henry Hub,2017-04-29,3.075
Henry Hub,2017-04-30,3.075
Henry Hub,2017-05-01,3.165
Henry Hub,2017-05-02,3.165
Henry Hub,2017-05-03,3.115
Henry Hub,2017-05-04,3.09
Henry Hub,2017-05-05,3.065
Henry Hub,2017-05-06,3.075
Henry Hub,2017-05-07,3.075
Henry Hub,2017-05-08,3.075
Henry Hub,2017-05-09,3.035
Henry Hub,2017-05-10,3.035
Henry Hub,2017-05-11,3.11
Henry Hub,2017-05-12,3.205
Henry Hub,2017-05-13,3.25
Henry Hub,2017-05-14,3.25
Henry Hub,2017-05-15,3.25
Henry Hub,2017-05-16,3.265
Henry Hub,2017-05-17,3.23
Henry Hub,2017-05-18,3.165
Henry Hub,2017-05-19,3.135
Henry Hub,2017-05-20,3.085
Henry Hub,2017-05-21,3.085
Henry Hub,2017-05-22,3.085
Henry Hub,2017-05-23,3.21
Henry Hub,2017-05-24,3.2
Henry Hub,2017-05-25,3.11
Henry Hub,2017-05-26,3.06
Henry Hub,2017-05-27,3.1
Henry Hub,2017-05-28,3.1
Henry Hub,2017-05-29,3.1
Henry Hub,2017-05-30,3.1
Henry Hub,2017-05-31,3.05
Henry Hub,2017-06-01,3.005
Henry Hub,2017-06-02,2.94
Henry Hub,2017-06-03,2.825
Henry Hub,2017-06-04,2.825
Henry Hub,2017-06-05,2.825
Henry Hub,2017-06-06,2.905
Henry Hub,2017-06-07,2.955
Henry Hub,2017-06-08,2.985
Henry Hub,2017-06-09,2.945
Henry Hub,2017-06-10,2.98
Henry Hub,2017-06-11,2.98
Henry Hub,2017-06-12,2.98
Henry Hub,2017-06-13,3.075
Henry Hub,2017-06-14,3.02
Henry Hub,2017-06-15,2.905
Henry Hub,2017-06-16,2.92
Henry Hub,2017-06-17,2.98
Henry Hub,2017-06-18,2.98
Henry Hub,2017-06-19,2.98
Henry Hub,2017-06-20,2.855
Henry Hub,2017-06-21,2.865
Henry Hub,2017-06-22,2.88
Henry Hub,2017-06-23,2.85
Henry Hub,2017-06-24,2.86
Henry Hub,2017-06-25,2.86
Henry Hub,2017-06-26,2.86
Henry Hub,2017-06-27,2.98
Henry Hub,2017-06-28,2.98
Henry Hub,2017-06-29,3.015
Henry Hub,2017-06-30,3.01
Henry Hub,2017-07-01,2.95
Henry Hub,2017-07-02,2.95
Henry Hub,2017-07-03,2.95
Henry Hub,2017-07-04,2.95
Henry Hub,2017-07-05,2.95
Henry Hub,2017-07-06,2.9
Henry Hub,2017-07-07,2.875
Henry Hub,2017-07-08,2.9
Henry Hub,2017-07-09,2.9
Henry Hub,2017-07-10,2.9
Henry Hub,2017-07-11,2.91
Henry Hub,2017-07-12,2.99
Henry Hub,2017-07-13,2.975
Henry Hub,2017-07-14,2.94
Henry Hub,2017-07-15,2.93
Henry Hub,2017-07-16,2.93
Henry Hub,2017-07-17,2.93
Henry Hub,2017-07-18,3.02
Henry Hub,2017-07-19,3.085
Henry Hub,2017-07-20,3.1
Henry Hub,2017-07-21,3.1
Henry Hub,2017-07-22,3.025
Henry Hub,2017-07-23,3.025
Henry Hub,2017-07-24,3.025
Henry Hub,2017-07-25,2.96
Henry Hub,2017-07-26,2.97
Henry Hub,2017-07-27,2.925
Henry Hub,2017-07-28,2.925
Henry Hub,2017-07-29,2.915
Henry Hub,2017-07-30,2.915
Henry Hub,2017-07-31,2.915
Henry Hub,2017-08-01,2.835
Henry Hub,2017-08-02,2.75
Henry Hub,2017-08-03,2.765
Henry Hub,2017-08-04,2.775
Henry Hub,2017-08-05,2.76
Henry Hub,2017-08-06,2.76
Henry Hub,2017-08-07,2.76
Henry Hub,2017-08-08,2.75
Henry Hub,2017-08-09,2.77
Henry Hub,2017-08-10,2.855
Henry Hub,2017-08-11,2.875
Henry Hub,2017-08-12,2.91
Henry Hub,2017-08-13,2.91
Henry Hub,2017-08-14,2.91
Henry Hub,2017-08-15,2.96
Henry Hub,2017-08-16,2.925
Henry Hub,2017-08-17,2.89
Henry Hub,2017-08-18,2.875
Henry Hub,2017-08-19,2.9
Henry Hub,2017-08-20,2.9
Henry Hub,2017-08-21,2.9
Henry Hub,2017-08-22,2.985
Henry Hub,2017-08-23,3.01
Henry Hub,2017-08-24,2.92
Henry Hub,2017-08-25,2.965
Henry Hub,2017-08-26,2.93
Henry Hub,2017-08-27,2.93
Henry Hub,2017-08-28,2.93
Henry Hub,2017-08-29,2.92
Henry Hub,2017-08-30,2.885
Henry Hub,2017-08-31,2.86
Henry Hub,2017-09-01,2.89
Henry Hub,2017-09-02,2.905
Henry Hub,2017-09-03,2.905
Henry Hub,2017-09-04,2.905
Henry Hub,2017-09-05,2.905
Henry Hub,2017-09-06,2.865
Henry Hub,2017-09-07,2.935
Henry Hub,2017-09-08,2.875
Henry Hub,2017-09-09,2.845
Henry Hub,2017-09-10,2.845
Henry Hub,2017-09-11,2.845
Henry Hub,2017-09-12,2.85
Henry Hub,2017-09-13,2.9
Henry Hub,2017-09-14,2.99
Henry Hub,2017-09-15,3.035
Henry Hub,2017-09-16,2.99
Henry Hub,2017-09-17,2.99
Henry Hub,2017-09-18,2.99
Henry Hub,2017-09-19,3.1
Henry Hub,2017-09-20,3.13
Henry Hub,2017-09-21,3.14
Henry Hub,2017-09-22,3.105
Henry Hub,2017-09-23,2.94
Henry Hub,2017-09-24,2.94
Henry Hub,2017-09-25,2.94
Henry Hub,2017-09-26,2.965
Henry Hub,2017-09-27,2.955
Henry Hub,2017-09-28,2.96
Henry Hub,2017-09-29,2.92
Henry Hub,2017-09-30,2.92
Henry Hub,2017-10-01,2.9
Henry Hub,2017-10-02,2.9
Henry Hub,2017-10-03,2.805
Henry Hub,2017-10-04,2.725
Henry Hub,2017-10-05,2.815
Henry Hub,2017-10-06,2.91
Henry Hub,2017-10-07,2.92
Henry Hub,2017-10-08,2.92
Henry Hub,2017-10-09,2.92
Henry Hub,2017-10-10,2.86
Henry Hub,2017-10-11,2.895
Henry Hub,2017-10-12,2.93
Henry Hub,2017-10-13,2.905
Henry Hub,2017-10-14,3.01
Henry Hub,2017-10-15,3.01
Henry Hub,2017-10-16,3.01
Henry Hub,2017-10-17,2.87
Henry Hub,2017-10-18,2.88
Henry Hub,2017-10-19,2.81
Henry Hub,2017-10-20,2.815
Henry Hub,2017-10-21,2.76
Henry Hub,2017-10-22,2.76
Henry Hub,2017-10-23,2.76
Henry Hub,2017-10-24,2.94
Henry Hub,2017-10-25,2.915
Henry Hub,2017-10-26,2.935
Henry Hub,2017-10-27,2.885
Henry Hub,2017-10-28,2.78
Henry Hub,2017-10-29,2.78
Henry Hub,2017-10-30,2.78
Henry Hub,2017-10-31,2.87
Henry Hub,2017-11-01,2.77
Henry Hub,2017-11-02,2.645
Henry Hub,2017-11-03,2.685
Henry Hub,2017-11-04,2.735
Henry Hub,2017-11-05,2.735
Henry Hub,2017-11-06,2.735
Henry Hub,2017-11-07,3.03
Henry Hub,2017-11-08,3.075
Henry Hub,2017-11-09,3.15
Henry Hub,2017-11-10,3.18
Henry Hub,2017-11-11,3.145
Henry Hub,2017-11-12,3.145
Henry Hub,2017-11-13,3.145
Henry Hub,2017-11-14,3.12
Henry Hub,2017-11-15,3.085
Henry Hub,2017-11-16,3.115
Henry Hub,2017-11-17,3.06
Henry Hub,2017-11-18,3.05
Henry Hub,2017-11-19,3.05
Henry Hub,2017-11-20,3.05
Henry Hub,2017-11-21,3.05
Henry Hub,2017-11-22,3.045
Henry Hub,2017-11-23,2.925
Henry Hub,2017-11-24,2.925
Henry Hub,2017-11-25,2.925
Henry Hub,2017-11-26,2.925
Henry Hub,2017-11-27,2.925
Henry Hub,2017-11-28,2.815
Henry Hub,2017-11-29,2.91
Henry Hub,2017-11-30,3.065
Henry Hub,2017-12-01,2.94
Henry Hub,2017-12-02,2.84
Henry Hub,2017-12-03,2.84
Henry Hub,2017-12-04,2.84
Henry Hub,2017-12-05,2.9
Henry Hub,2017-12-06,2.865
Henry Hub,2017-12-07,2.92
Henry Hub,2017-12-08,2.805
Henry Hub,2017-12-09,2.745
Henry Hub,2017-12-10,2.745
Henry Hub,2017-12-11,2.745
Henry Hub,2017-12-12,2.795
Henry Hub,2017-12-13,2.815
Henry Hub,2017-12-14,2.675
Henry Hub,2017-12-15,2.665
Henry Hub,2017-12-16,2.62
Henry Hub,2017-12-17,2.62
Henry Hub,2017-12-18,2.62
Henry Hub,2017-12-19,2.705
Henry Hub,2017-12-20,2.74
Henry Hub,2017-12-21,2.695
Henry Hub,2017-12-22,2.6
Henry Hub,2017-12-23,2.61
Henry Hub,2017-12-24,2.61
Henry Hub,2017-12-25,2.61
Henry Hub,2017-12-26,2.61
Henry Hub,2017-12-27,2.7
Henry Hub,2017-12-28,2.755
Henry Hub,2017-12-29,2.965
Henry Hub,2017-12-30,2.965
Henry Hub,2017-12-31,2.965
Henry Hub,2018-01-01,3.58
Henry Hub,2018-01-02,3.58
Henry Hub,2018-01-03,6.625
Henry Hub,2018-01-04,6.875
Henry Hub,2018-01-05,4.42
Henry Hub,2018-01-06,2.9
Henry Hub,2018-01-07,2.9
Henry Hub,2018-01-08,2.9
Henry Hub,2018-01-09,2.88
Henry Hub,2018-01-10,2.9
Henry Hub,2018-01-11,3.105
Henry Hub,2018-01-12,3.235
Henry Hub,2018-01-13,4.015
Henry Hub,2018-01-14,4.015
Henry Hub,2018-01-15,4.015
Henry Hub,2018-01-16,4.015
Henry Hub,2018-01-17,5.095
Henry Hub,2018-01-18,3.865
Henry Hub,2018-01-19,3.375
Henry Hub,2018-01-20,3.18
Henry Hub,2018-01-21,3.18
Henry Hub,2018-01-22,3.18
Henry Hub,2018-01-23,3.13
Henry Hub,2018-01-24,3.365
Henry Hub,2018-01-25,3.555
Henry Hub,2018-01-26,3.57
Henry Hub,2018-01-27,3.51
Henry Hub,2018-01-28,3.51
Henry Hub,2018-01-29,3.51
Henry Hub,2018-01-30,3.555
Henry Hub,2018-01-31,3.595
Henry Hub,2018-02-01,3.205
Henry Hub,2018-02-02,3.015
Henry Hub,2018-02-03,2.855
Henry Hub,2018-02-04,2.855
Henry Hub,2018-02-05,2.855
Henry Hub,2018-02-06,2.79
Henry Hub,2018-02-07,2.745
Henry Hub,2018-02-08,2.725
Henry Hub,2018-02-09,2.715
Henry Hub,2018-02-10,2.61
Henry Hub,2018-02-11,2.61
Henry Hub,2018-02-12,2.61
Henry Hub,2018-02-13,2.56
Henry Hub,2018-02-14,2.575
Henry Hub,2018-02-15,2.505
Henry Hub,2018-02-16,2.49
Henry Hub,2018-02-17,2.475
Henry Hub,2018-02-18,2.475
Henry Hub,2018-02-19,2.475
Henry Hub,2018-02-20,2.475
Henry Hub,2018-02-21,2.615
Henry Hub,2018-02-22,2.645
Henry Hub,2018-02-23,2.6
Henry Hub,2018-02-24,2.55
Henry Hub,2018-02-25,2.55
Henry Hub,2018-02-26,2.55
Henry Hub,2018-02-27,2.585
Henry Hub,2018-02-28,2.595
Henry Hub,2018-03-01,2.61
Henry Hub,2018-03-02,2.61
Henry Hub,2018-03-03,2.63
Henry Hub,2018-03-04,2.63
Henry Hub,2018-03-05,2.63
Henry Hub,2018-03-06,2.665
Henry Hub,2018-03-07,2.73
Henry Hub,2018-03-08,2.77
Henry Hub,2018-03-09,2.71
Henry Hub,2018-03-10,2.685
Henry Hub,2018-03-11,2.685
Henry Hub,2018-03-12,2.685
Henry Hub,2018-03-13,2.765
Henry Hub,2018-03-14,2.765
Henry Hub,2018-03-15,2.655
Henry Hub,2018-03-16,2.665
Henry Hub,2018-03-17,2.61
Henry Hub,2018-03-18,2.61
Henry Hub,2018-03-19,2.61
Henry Hub,2018-03-20,2.625
Henry Hub,2018-03-21,2.66
Henry Hub,2018-03-22,2.7
Henry Hub,2018-03-23,2.62
Henry Hub,2018-03-24,2.565
Henry Hub,2018-03-25,2.565
Henry Hub,2018-03-26,2.565
Henry Hub,2018-03-27,2.58
Henry Hub,2018-03-28,2.6
Henry Hub,2018-03-29,2.64
Henry Hub,2018-03-30,2.64
Henry Hub,2018-03-31,2.64
Henry Hub,2018-04-01,2.755
Henry Hub,2018-04-02,2.755
Henry Hub,2018-04-03,2.72
Henry Hub,2018-04-04,2.695
Henry Hub,2018-04-05,2.77
Henry Hub,2018-04-06,2.765
Henry Hub,2018-04-07,2.775
Henry Hub,2018-04-08,2.775
Henry Hub,2018-04-09,2.775
Henry Hub,2018-04-10,2.715
Henry Hub,2018-04-11,2.69
Henry Hub,2018-04-12,2.695
Henry Hub,2018-04-13,2.71
Henry Hub,2018-04-14,2.77
Henry Hub,2018-04-15,2.77
Henry Hub,2018-04-16,2.77
Henry Hub,2018-04-17,2.82
Henry Hub,2018-04-18,2.83
Henry Hub,2018-04-19,2.845
Henry Hub,2018-04-20,2.77
Henry Hub,2018-04-21,2.72
Henry Hub,2018-04-22,2.72
Henry Hub,2018-04-23,2.72
Henry Hub,2018-04-24,2.74
Henry Hub,2018-04-25,2.77
Henry Hub,2018-04-26,2.79
Henry Hub,2018-04-27,2.805
Henry Hub,2018-04-28,2.77
Henry Hub,2018-04-29,2.77
Henry Hub,2018-04-30,2.77
Henry Hub,2018-05-01,2.68
Henry Hub,2018-05-02,2.75
Henry Hub,2018-05-03,2.735
Henry Hub,2018-05-04,2.69
Henry Hub,2018-05-05,2.685
Henry Hub,2018-05-06,2.685
Henry Hub,2018-05-07,2.685
Henry Hub,2018-05-08,2.71
Henry Hub,2018-05-09,2.715
Henry Hub,2018-05-10,2.725
Henry Hub,2018-05-11,2.735
Henry Hub,2018-05-12,2.755
Henry Hub,2018-05-13,2.755
Henry Hub,2018-05-14,2.755
Henry Hub,2018-05-15,2.825
Henry Hub,2018-05-16,2.835
Henry Hub,2018-05-17,2.775
Henry Hub,2018-05-18,2.72
Henry Hub,2018-05-19,2.755
Henry Hub,2018-05-20,2.755
Henry Hub,2018-05-21,2.755
Henry Hub,2018-05-22,2.77
Henry Hub,2018-05-23,2.785
Henry Hub,2018-05-24,2.86
Henry Hub,2018-05-25,2.87
Henry Hub,2018-05-26,2.89
Henry Hub,2018-05-27,2.89
Henry Hub,2018-05-28,2.89
Henry Hub,2018-05-29,2.89
Henry Hub,2018-05-30,2.825
Henry Hub,2018-05-31,2.83
Henry Hub,2018-06-01,2.885
Henry Hub,2018-06-02,2.895
Henry Hub,2018-06-03,2.895
Henry Hub,2018-06-04,2.895
Henry Hub,2018-06-05,2.905
Henry Hub,2018-06-06,2.865
Henry Hub,2018-06-07,2.85
Henry Hub,2018-06-08,2.93
Henry Hub,2018-06-09,2.86
Henry Hub,2018-06-10,2.86
Henry Hub,2018-06-11,2.86
Henry Hub,2018-06-12,2.95
Henry Hub,2018-06-13,2.92
Henry Hub,2018-06-14,2.94
Henry Hub,2018-06-15,2.955
Henry Hub,2018-06-16,2.975
Henry Hub,2018-06-17,2.975
Henry Hub,2018-06-18,2.975
Henry Hub,2018-06-19,2.97
Henry Hub,2018-06-20,2.905
Henry Hub,2018-06-21,2.95
Henry Hub,2018-06-22,3
Henry Hub,2018-06-23,2.94
Henry Hub,2018-06-24,2.94
Henry Hub,2018-06-25,2.94
Henry Hub,2018-06-26,2.93
Henry Hub,2018-06-27,2.93
Henry Hub,2018-06-28,2.995
Henry Hub,2018-06-29,2.965
Henry Hub,2018-06-30,2.965
Henry Hub,2018-07-01,2.9
Henry Hub,2018-07-02,2.9
Henry Hub,2018-07-03,2.87
Henry Hub,2018-07-04,2.865
Henry Hub,2018-07-05,2.865
Henry Hub,2018-07-06,2.86
Henry Hub,2018-07-07,2.85
Henry Hub,2018-07-08,2.85
Henry Hub,2018-07-09,2.85
Henry Hub,2018-07-10,2.855
Henry Hub,2018-07-11,2.845
Henry Hub,2018-07-12,2.835
Henry Hub,2018-07-13,2.84
Henry Hub,2018-07-14,2.8
Henry Hub,2018-07-15,2.8
Henry Hub,2018-07-16,2.8
Henry Hub,2018-07-17,2.74
Henry Hub,2018-07-18,2.785
Henry Hub,2018-07-19,2.725
Henry Hub,2018-07-20,2.715
Henry Hub,2018-07-21,2.76
Henry Hub,2018-07-22,2.76
Henry Hub,2018-07-23,2.76
Henry Hub,2018-07-24,2.705
Henry Hub,2018-07-25,2.72
Henry Hub,2018-07-26,2.775
Henry Hub,2018-07-27,2.775
Henry Hub,2018-07-28,2.78
Henry Hub,2018-07-29,2.78
Henry Hub,2018-07-30,2.78
Henry Hub,2018-07-31,2.755
Henry Hub,2018-08-01,2.815
Henry Hub,2018-08-02,2.8
Henry Hub,2018-08-03,2.79
Henry Hub,2018-08-04,2.84
Henry Hub,2018-08-05,2.84
Henry Hub,2018-08-06,2.84
Henry Hub,2018-08-07,2.865
Henry Hub,2018-08-08,2.925
Henry Hub,2018-08-09,2.97
Henry Hub,2018-08-10,2.985
Henry Hub,2018-08-11,2.92
Henry Hub,2018-08-12,2.92
Henry Hub,2018-08-13,2.92
Henry Hub,2018-08-14,2.92
Henry Hub,2018-08-15,2.975
Henry Hub,2018-08-16,3.01
Henry Hub,2018-08-17,2.985
Henry Hub,2018-08-18,2.965
Henry Hub,2018-08-19,2.965
Henry Hub,2018-08-20,2.965
Henry Hub,2018-08-21,2.985
Henry Hub,2018-08-22,3.01
Henry Hub,2018-08-23,2.99
Henry Hub,2018-08-24,2.965
Henry Hub,2018-08-25,2.965
Henry Hub,2018-08-26,2.965
Henry Hub,2018-08-27,2.965
Henry Hub,2018-08-28,2.95
Henry Hub,2018-08-29,2.93
Henry Hub,2018-08-30,2.96
Henry Hub,2018-08-31,2.9
Henry Hub,2018-09-01,2.93
Henry Hub,2018-09-02,2.93
Henry Hub,2018-09-03,2.93
Henry Hub,2018-09-04,2.93
Henry Hub,2018-09-05,2.96
Henry Hub,2018-09-06,2.945
Henry Hub,2018-09-07,2.875
Henry Hub,2018-09-08,2.835
Henry Hub,2018-09-09,2.835
Henry Hub,2018-09-10,2.835
Henry Hub,2018-09-11,2.85
Henry Hub,2018-09-12,2.89
Henry Hub,2018-09-13,2.93
Henry Hub,2018-09-14,2.93
Henry Hub,2018-09-15,2.855
Henry Hub,2018-09-16,2.855
Henry Hub,2018-09-17,2.855
Henry Hub,2018-09-18,2.905
Henry Hub,2018-09-19,2.97
Henry Hub,2018-09-20,3.055
Henry Hub,2018-09-21,3
Henry Hub,2018-09-22,3.02
Henry Hub,2018-09-23,3.02
Henry Hub,2018-09-24,3.02
Henry Hub,2018-09-25,3.04
Henry Hub,2018-09-26,3.13
Henry Hub,2018-09-27,3.13
Henry Hub,2018-09-28,3.07
Henry Hub,2018-09-29,3.07
Henry Hub,2018-09-30,3.07
Henry Hub,2018-10-01,2.99
Henry Hub,2018-10-02,3.105
Henry Hub,2018-10-03,3.14
Henry Hub,2018-10-04,3.255
Henry Hub,2018-10-05,3.3
Henry Hub,2018-10-06,3.245
Henry Hub,2018-10-07,3.245
Henry Hub,2018-10-08,3.245
Henry Hub,2018-10-09,3.295
Henry Hub,2018-10-10,3.365
Henry Hub,2018-10-11,3.37
Henry Hub,2018-10-12,3.185
Henry Hub,2018-10-13,3.2
Henry Hub,2018-10-14,3.2
Henry Hub,2018-10-15,3.2
Henry Hub,2018-10-16,3.255
Henry Hub,2018-10-17,3.27
Henry Hub,2018-10-18,3.305
Henry Hub,2018-10-19,3.28
Henry Hub,2018-10-20,3.205
Henry Hub,2018-10-21,3.205
Henry Hub,2018-10-22,3.205
Henry Hub,2018-10-23,3.205
Henry Hub,2018-10-24,3.225
Henry Hub,2018-10-25,3.355
Henry Hub,2018-10-26,3.315
Henry Hub,2018-10-27,3.2
Henry Hub,2018-10-28,3.2
Henry Hub,2018-10-29,3.2
Henry Hub,2018-10-30,3.17
Henry Hub,2018-10-31,3.22
Henry Hub,2018-11-01,3.29
Henry Hub,2018-11-02,3.32
Henry Hub,2018-11-03,3.22
Henry Hub,2018-11-04,3.22
Henry Hub,2018-11-05,3.22
Henry Hub,2018-11-06,3.49
Henry Hub,2018-11-07,3.505
Henry Hub,2018-11-08,3.51
Henry Hub,2018-11-09,3.605
Henry Hub,2018-11-10,3.78
Henry Hub,2018-11-11,3.78
Henry Hub,2018-11-12,3.78
Henry Hub,2018-11-13,3.94
Henry Hub,2018-11-14,4.035
Henry Hub,2018-11-15,4.59
Henry Hub,2018-11-16,4.615
Henry Hub,2018-11-17,4.27
Henry Hub,2018-11-18,4.27
Henry Hub,2018-11-19,4.27
Henry Hub,2018-11-20,4.585
Henry Hub,2018-11-21,4.7
Henry Hub,2018-11-22,4.68
Henry Hub,2018-11-23,4.68
Henry Hub,2018-11-24,4.68
Henry Hub,2018-11-25,4.68
Henry Hub,2018-11-26,4.68
Henry Hub,2018-11-27,4.235
Henry Hub,2018-11-28,4.32
Henry Hub,2018-11-29,4.435
Henry Hub,2018-11-30,4.5
Henry Hub,2018-12-01,4.565
Henry Hub,2018-12-02,4.565
Henry Hub,2018-12-03,4.565
Henry Hub,2018-12-04,4.39
Henry Hub,2018-12-05,4.63
Henry Hub,2018-12-06,4.62
Henry Hub,2018-12-07,4.41
Henry Hub,2018-12-08,4.48
Henry Hub,2018-12-09,4.48
Henry Hub,2018-12-10,4.48
Henry Hub,2018-12-11,4.505
Henry Hub,2018-12-12,4.5
Henry Hub,2018-12-13,4.195
Henry Hub,2018-12-14,4.23
Henry Hub,2018-12-15,3.895
Henry Hub,2018-12-16,3.895
Henry Hub,2018-12-17,3.895
Henry Hub,2018-12-18,3.63
Henry Hub,2018-12-19,3.675
Henry Hub,2018-12-20,3.56
Henry Hub,2018-12-21,3.695
Henry Hub,2018-12-22,3.53
Henry Hub,2018-12-23,3.53
Henry Hub,2018-12-24,3.53
Henry Hub,2018-12-25,3.53
Henry Hub,2018-12-26,3.53
Henry Hub,2018-12-27,3.215
Henry Hub,2018-12-28,3.065
Henry Hub,2018-12-29,3.065
Henry Hub,2018-12-30,3.065
Henry Hub,2018-12-31,3.065
Henry Hub,2019-01-01,3.225
Henry Hub,2019-01-02,3.225
Henry Hub,2019-01-03,2.79
Henry Hub,2019-01-04,2.685
Henry Hub,2019-01-05,2.745
Henry Hub,2019-01-06,2.745
Henry Hub,2019-01-07,2.745
Henry Hub,2019-01-08,2.72
Henry Hub,2019-01-09,2.88
Henry Hub,2019-01-10,2.905
Henry Hub,2019-01-11,2.95
Henry Hub,2019-01-12,2.88
Henry Hub,2019-01-13,2.88
Henry Hub,2019-01-14,2.88
Henry Hub,2019-01-15,3.36
Henry Hub,2019-01-16,3.515
Henry Hub,2019-01-17,3.61
Henry Hub,2019-01-18,3.52
Henry Hub,2019-01-19,3.36
Henry Hub,2019-01-20,3.36
Henry Hub,2019-01-21,3.36
Henry Hub,2019-01-22,3.36
Henry Hub,2019-01-23,3.145
Henry Hub,2019-01-24,3.095
Henry Hub,2019-01-25,3.12
Henry Hub,2019-01-26,3.09
Henry Hub,2019-01-27,3.09
Henry Hub,2019-01-28,3.09
Henry Hub,2019-01-29,3.045
Henry Hub,2019-01-30,2.95
Henry Hub,2019-01-31,2.955
Henry Hub,2019-02-01,2.83
Henry Hub,2019-02-02,2.68
Henry Hub,2019-02-03,2.68
Henry Hub,2019-02-04,2.68
Henry Hub,2019-02-05,2.535
Henry Hub,2019-02-06,2.545
Henry Hub,2019-02-07,2.56
Henry Hub,2019-02-08,2.605
Henry Hub,2019-02-09,2.615
Henry Hub,2019-02-10,2.615
Henry Hub,2019-02-11,2.615
Henry Hub,2019-02-12,2.715
Henry Hub,2019-02-13,2.67
Henry Hub,2019-02-14,2.61
Henry Hub,2019-02-15,2.585
Henry Hub,2019-02-16,2.605
Henry Hub,2019-02-17,2.605
Henry Hub,2019-02-18,2.605
Henry Hub,2019-02-19,2.605
Henry Hub,2019-02-20,2.68
Henry Hub,2019-02-21,2.705
Henry Hub,2019-02-22,2.705
Henry Hub,2019-02-23,2.71
Henry Hub,2019-02-24,2.71
Henry Hub,2019-02-25,2.71
Henry Hub,2019-02-26,2.825
Henry Hub,2019-02-27,2.93
Henry Hub,2019-02-28,2.845
Henry Hub,2019-03-01,2.925
Henry Hub,2019-03-02,3.175
Henry Hub,2019-03-03,3.175
Henry Hub,2019-03-04,3.175
Henry Hub,2019-03-05,4.12
Henry Hub,2019-03-06,3.1
Henry Hub,2019-03-07,2.935
Henry Hub,2019-03-08,2.915
Henry Hub,2019-03-09,2.905
Henry Hub,2019-03-10,2.905
Henry Hub,2019-03-11,2.905
Henry Hub,2019-03-12,2.795
Henry Hub,2019-03-13,2.785
Henry Hub,2019-03-14,2.81
Henry Hub,2019-03-15,2.87
Henry Hub,2019-03-16,2.845
Henry Hub,2019-03-17,2.845
Henry Hub,2019-03-18,2.845
Henry Hub,2019-03-19,2.86
Henry Hub,2019-03-20,2.91
Henry Hub,2019-03-21,2.83
Henry Hub,2019-03-22,2.79
Henry Hub,2019-03-23,2.75
Henry Hub,2019-03-24,2.75
Henry Hub,2019-03-25,2.75
Henry Hub,2019-03-26,2.72
Henry Hub,2019-03-27,2.74
Henry Hub,2019-03-28,2.655
Henry Hub,2019-03-29,2.665
Henry Hub,2019-03-30,2.665
Henry Hub,2019-03-31,2.665
Henry Hub,2019-04-01,2.685
Henry Hub,2019-04-02,2.715
Henry Hub,2019-04-03,2.735
Henry Hub,2019-04-04,2.67
Henry Hub,2019-04-05,2.665
Henry Hub,2019-04-06,2.61
Henry Hub,2019-04-07,2.61
Henry Hub,2019-04-08,2.61
Henry Hub,2019-04-09,2.685
Henry Hub,2019-04-10,2.68
Henry Hub,2019-04-11,2.69
Henry Hub,2019-04-12,2.69
Henry Hub,2019-04-13,2.69
Henry Hub,2019-04-14,2.69
Henry Hub,2019-04-15,2.69
Henry Hub,2019-04-16,2.61
Henry Hub,2019-04-17,2.595
Henry Hub,2019-04-18,2.56
Henry Hub,2019-04-19,2.48
Henry Hub,2019-04-20,2.48
Henry Hub,2019-04-21,2.48
Henry Hub,2019-04-22,2.48
Henry Hub,2019-04-23,2.55
Henry Hub,2019-04-24,2.485
Henry Hub,2019-04-25,2.5
Henry Hub,2019-04-26,2.47
Henry Hub,2019-04-27,2.54
Henry Hub,2019-04-28,2.54
Henry Hub,2019-04-29,2.54
Henry Hub,2019-04-30,2.57
Henry Hub,2019-05-01,2.595
Henry Hub,2019-05-02,2.62
Henry Hub,2019-05-03,2.595
Henry Hub,2019-05-04,2.565
Henry Hub,2019-05-05,2.565
Henry Hub,2019-05-06,2.565
Henry Hub,2019-05-07,2.54
Henry Hub,2019-05-08,2.54
Henry Hub,2019-05-09,2.585
Henry Hub,2019-05-10,2.555
Henry Hub,2019-05-11,2.565
Henry Hub,2019-05-12,2.565
Henry Hub,2019-05-13,2.565
Henry Hub,2019-05-14,2.64
Henry Hub,2019-05-15,2.625
Henry Hub,2019-05-16,2.61
Henry Hub,2019-05-17,2.59
Henry Hub,2019-05-18,2.605
Henry Hub,2019-05-19,2.605
Henry Hub,2019-05-20,2.605
Henry Hub,2019-05-21,2.705
Henry Hub,2019-05-22,2.65
Henry Hub,2019-05-23,2.61
Henry Hub,2019-05-24,2.565
Henry Hub,2019-05-25,2.58
Henry Hub,2019-05-26,2.58
Henry Hub,2019-05-27,2.58
Henry Hub,2019-05-28,2.58
Henry Hub,2019-05-29,2.595
Henry Hub,2019-05-30,2.625
Henry Hub,2019-05-31,2.525
Henry Hub,2019-06-01,2.47
Henry Hub,2019-06-02,2.47
Henry Hub,2019-06-03,2.47
Henry Hub,2019-06-04,2.415
Henry Hub,2019-06-05,2.39
Henry Hub,2019-06-06,2.39
Henry Hub,2019-06-07,2.385
Henry Hub,2019-06-08,2.35
Henry Hub,2019-06-09,2.35
Henry Hub,2019-06-10,2.35
Henry Hub,2019-06-11,2.34
Henry Hub,2019-06-12,2.34
Henry Hub,2019-06-13,2.355
Henry Hub,2019-06-14,2.3
Henry Hub,2019-06-15,2.31
Henry Hub,2019-06-16,2.31
Henry Hub,2019-06-17,2.31
Henry Hub,2019-06-18,2.39
Henry Hub,2019-06-19,2.38
Henry Hub,2019-06-20,2.36
Henry Hub,2019-06-21,2.315
Henry Hub,2019-06-22,2.2
Henry Hub,2019-06-23,2.2
Henry Hub,2019-06-24,2.2
Henry Hub,2019-06-25,2.28
Henry Hub,2019-06-26,2.275
Henry Hub,2019-06-27,2.315
Henry Hub,2019-06-28,2.295
Henry Hub,2019-06-29,2.295
Henry Hub,2019-06-30,2.295
Henry Hub,2019-07-01,2.35
Henry Hub,2019-07-02,2.255
Henry Hub,2019-07-03,2.25
Henry Hub,2019-07-04,2.235
Henry Hub,2019-07-05,2.235
Henry Hub,2019-07-06,2.235
Henry Hub,2019-07-07,2.235
Henry Hub,2019-07-08,2.235
Henry Hub,2019-07-09,2.345
Henry Hub,2019-07-10,2.355
Henry Hub,2019-07-11,2.455
Henry Hub,2019-07-12,2.475
Henry Hub,2019-07-13,2.485
Henry Hub,2019-07-14,2.485
Henry Hub,2019-07-15,2.485
Henry Hub,2019-07-16,2.46
Henry Hub,2019-07-17,2.36
Henry Hub,2019-07-18,2.38
Henry Hub,2019-07-19,2.36
Henry Hub,2019-07-20,2.275
Henry Hub,2019-07-21,2.275
Henry Hub,2019-07-22,2.275
Henry Hub,2019-07-23,2.275
Henry Hub,2019-07-24,2.285
Henry Hub,2019-07-25,2.215
Henry Hub,2019-07-26,2.22
Henry Hub,2019-07-27,2.175
Henry Hub,2019-07-28,2.175
Henry Hub,2019-07-29,2.175
Henry Hub,2019-07-30,2.17
Henry Hub,2019-07-31,2.165
Henry Hub,2019-08-01,2.23
Henry Hub,2019-08-02,2.35
Henry Hub,2019-08-03,2.1
Henry Hub,2019-08-04,2.1
Henry Hub,2019-08-05,2.1
Henry Hub,2019-08-06,2.025
Henry Hub,2019-08-07,2.095
Henry Hub,2019-08-08,2.12
Henry Hub,2019-08-09,2.1
Henry Hub,2019-08-10,2.065
Henry Hub,2019-08-11,2.065
Henry Hub,2019-08-12,2.065
Henry Hub,2019-08-13,2.145
Henry Hub,2019-08-14,2.175
Henry Hub,2019-08-15,2.15
Henry Hub,2019-08-16,2.13
Henry Hub,2019-08-17,2.19
Henry Hub,2019-08-18,2.19
Henry Hub,2019-08-19,2.19
Henry Hub,2019-08-20,2.21
Henry Hub,2019-08-21,2.265
Henry Hub,2019-08-22,2.245
Henry Hub,2019-08-23,2.22
Henry Hub,2019-08-24,2.13
Henry Hub,2019-08-25,2.13
Henry Hub,2019-08-26,2.13
Henry Hub,2019-08-27,2.215
Henry Hub,2019-08-28,2.18
Henry Hub,2019-08-29,2.235
Henry Hub,2019-08-30,2.295
Henry Hub,2019-08-31,2.295
Henry Hub,2019-09-01,2.29
Henry Hub,2019-09-02,2.29
Henry Hub,2019-09-03,2.29
Henry Hub,2019-09-04,2.345
Henry Hub,2019-09-05,2.415
Henry Hub,2019-09-06,2.425
Henry Hub,2019-09-07,2.5
Henry Hub,2019-09-08,2.5
Henry Hub,2019-09-09,2.5
Henry Hub,2019-09-10,2.64
Henry Hub,2019-09-11,2.605
Henry Hub,2019-09-12,2.59
Henry Hub,2019-09-13,2.58
Henry Hub,2019-09-14,2.61
Henry Hub,2019-09-15,2.61
Henry Hub,2019-09-16,2.61
Henry Hub,2019-09-17,2.745
Henry Hub,2019-09-18,2.7
Henry Hub,2019-09-19,2.68
Henry Hub,2019-09-20,2.6
Henry Hub,2019-09-21,2.595
Henry Hub,2019-09-22,2.595
Henry Hub,2019-09-23,2.595
Henry Hub,2019-09-24,2.535
Henry Hub,2019-09-25,2.545
Henry Hub,2019-09-26,2.51
Henry Hub,2019-09-27,2.51
Henry Hub,2019-09-28,2.37
Henry Hub,2019-09-29,2.37
Henry Hub,2019-09-30,2.37
Henry Hub,2019-10-01,2.325
Henry Hub,2019-10-02,2.325
Henry Hub,2019-10-03,2.3
Henry Hub,2019-10-04,2.245
Henry Hub,2019-10-05,2.285
Henry Hub,2019-10-06,2.285
Henry Hub,2019-10-07,2.285
Henry Hub,2019-10-08,2.26
Henry Hub,2019-10-09,2.225
Henry Hub,2019-10-10,2.215
Henry Hub,2019-10-11,2.195
Henry Hub,2019-10-12,2.075
Henry Hub,2019-10-13,2.075
Henry Hub,2019-10-14,2.075
Henry Hub,2019-10-15,2.195
Henry Hub,2019-10-16,2.215
Henry Hub,2019-10-17,2.25
Henry Hub,2019-10-18,2.23
Henry Hub,2019-10-19,2.14
Henry Hub,2019-10-20,2.14
Henry Hub,2019-10-21,2.14
Henry Hub,2019-10-22,2.04
Henry Hub,2019-10-23,2.2
Henry Hub,2019-10-24,2.275
Henry Hub,2019-10-25,2.255
Henry Hub,2019-10-26,2.145
Henry Hub,2019-10-27,2.145
Henry Hub,2019-10-28,2.145
Henry Hub,2019-10-29,2.39
Henry Hub,2019-10-30,2.555
Henry Hub,2019-10-31,2.67
Henry Hub,2019-11-01,2.675
Henry Hub,2019-11-02,2.495
Henry Hub,2019-11-03,2.495
Henry Hub,2019-11-04,2.495
Henry Hub,2019-11-05,2.74
Henry Hub,2019-11-06,2.77
Henry Hub,2019-11-07,2.775
Henry Hub,2019-11-08,2.835
Henry Hub,2019-11-09,2.82
Henry Hub,2019-11-10,2.82
Henry Hub,2019-11-11,2.82
Henry Hub,2019-11-12,2.685
Henry Hub,2019-11-13,2.725
Henry Hub,2019-11-14,2.62
Henry Hub,2019-11-15,2.665
Henry Hub,2019-11-16,2.685
Henry Hub,2019-11-17,2.685
Henry Hub,2019-11-18,2.685
Henry Hub,2019-11-19,2.58
Henry Hub,2019-11-20,2.465
Henry Hub,2019-11-21,2.465
Henry Hub,2019-11-22,2.475
Henry Hub,2019-11-23,2.555
Henry Hub,2019-11-24,2.555
Henry Hub,2019-11-25,2.555
Henry Hub,2019-11-26,2.44
Henry Hub,2019-11-27,2.345
Henry Hub,2019-11-28,2.345
Henry Hub,2019-11-29,2.345
Henry Hub,2019-11-30,2.345
Henry Hub,2019-12-01,2.33
Henry Hub,2019-12-02,2.33
Henry Hub,2019-12-03,2.25
Henry Hub,2019-12-04,2.395
Henry Hub,2019-12-05,2.37
Henry Hub,2019-12-06,2.315
Henry Hub,2019-12-07,2.215
Henry Hub,2019-12-08,2.215
Henry Hub,2019-12-09,2.215
Henry Hub,2019-12-10,2.14
Henry Hub,2019-12-11,2.18
Henry Hub,2019-12-12,2.26
Henry Hub,2019-12-13,2.26
Henry Hub,2019-12-14,2.24
Henry Hub,2019-12-15,2.24
Henry Hub,2019-12-16,2.24
Henry Hub,2019-12-17,2.34
Henry Hub,2019-12-18,2.295
Henry Hub,2019-12-19,2.24
Henry Hub,2019-12-20,2.2
Henry Hub,2019-12-21,2.245
Henry Hub,2019-12-22,2.245
Henry Hub,2019-12-23,2.245
Henry Hub,2019-12-24,2.16
Henry Hub,2019-12-25,2.1
Henry Hub,2019-12-26,2.1
Henry Hub,2019-12-27,2.085
Henry Hub,2019-12-28,1.82
Henry Hub,2019-12-29,1.82
Henry Hub,2019-12-30,1.82
Henry Hub,2019-12-31,2.075
Henry Hub,2020-01-01,2.05
Henry Hub,2020-01-02,2.05
Henry Hub,2020-01-03,2
Henry Hub,2020-01-04,2.015
Henry Hub,2020-01-05,2.015
Henry Hub,2020-01-06,2.015
Henry Hub,2020-01-07,2.1
Henry Hub,2020-01-08,2.105
Henry Hub,2020-01-09,2.075
Henry Hub,2020-01-10,2.005
Henry Hub,2020-01-11,2.055
Henry Hub,2020-01-12,2.055
Henry Hub,2020-01-13,2.055
Henry Hub,2020-01-14,2.07
Henry Hub,2020-01-15,2.12
Henry Hub,2020-01-16,1.98
Henry Hub,2020-01-17,2.065
Henry Hub,2020-01-18,2.02
Henry Hub,2020-01-19,2.02
Henry Hub,2020-01-20,2.02
Henry Hub,2020-01-21,2.02
Henry Hub,2020-01-22,1.945
Henry Hub,2020-01-23,1.895
Henry Hub,2020-01-24,1.95
Henry Hub,2020-01-25,1.91
Henry Hub,2020-01-26,1.91
Henry Hub,2020-01-27,1.91
Henry Hub,2020-01-28,1.96
Henry Hub,2020-01-29,1.955
Henry Hub,2020-01-30,1.92
Henry Hub,2020-01-31,1.905
Henry Hub,2020-02-01,1.845
Henry Hub,2020-02-02,1.845
Henry Hub,2020-02-03,1.845
Henry Hub,2020-02-04,1.84
Henry Hub,2020-02-05,1.855
Henry Hub,2020-02-06,1.85
Henry Hub,2020-02-07,1.865
Henry Hub,2020-02-08,1.885
Henry Hub,2020-02-09,1.885
Henry Hub,2020-02-10,1.885
Henry Hub,2020-02-11,1.81
Henry Hub,2020-02-12,1.805
Henry Hub,2020-02-13,1.87
Henry Hub,2020-02-14,1.885
Henry Hub,2020-02-15,1.855
Henry Hub,2020-02-16,1.855
Henry Hub,2020-02-17,1.855
Henry Hub,2020-02-18,1.855
Henry Hub,2020-02-19,1.985
Henry Hub,2020-02-20,2.015
Henry Hub,2020-02-21,1.98
Henry Hub,2020-02-22,1.915
Henry Hub,2020-02-23,1.915
Henry Hub,2020-02-24,1.915
Henry Hub,2020-02-25,1.885
Henry Hub,2020-02-26,1.9
Henry Hub,2020-02-27,1.92
Henry Hub,2020-02-28,1.78
Henry Hub,2020-02-29,1.78
Henry Hub,2020-03-01,1.725
Henry Hub,2020-03-02,1.725
Henry Hub,2020-03-03,1.7
Henry Hub,2020-03-04,1.76
Henry Hub,2020-03-05,1.795
Henry Hub,2020-03-06,1.82
Henry Hub,2020-03-07,1.75
Henry Hub,2020-03-08,1.75
Henry Hub,2020-03-09,1.75
Henry Hub,2020-03-10,1.73
Henry Hub,2020-03-11,1.85
Henry Hub,2020-03-12,1.92
Henry Hub,2020-03-13,1.825
Henry Hub,2020-03-14,1.945
Henry Hub,2020-03-15,1.945
Henry Hub,2020-03-16,1.945
Henry Hub,2020-03-17,1.845
Henry Hub,2020-03-18,1.815
Henry Hub,2020-03-19,1.655
Henry Hub,2020-03-20,1.625
Henry Hub,2020-03-21,1.675
Henry Hub,2020-03-22,1.675
Henry Hub,2020-03-23,1.675
Henry Hub,2020-03-24,1.635
Henry Hub,2020-03-25,1.705
Henry Hub,2020-03-26,1.705
Henry Hub,2020-03-27,1.65
Henry Hub,2020-03-28,1.625
Henry Hub,2020-03-29,1.625
Henry Hub,2020-03-30,1.625
Henry Hub,2020-03-31,1.655
Henry Hub,2020-04-01,1.69
Henry Hub,2020-04-02,1.6
Henry Hub,2020-04-03,1.48
Henry Hub,2020-04-04,1.445
Henry Hub,2020-04-05,1.445
Henry Hub,2020-04-06,1.445
Henry Hub,2020-04-07,1.61
Henry Hub,2020-04-08,1.77
Henry Hub,2020-04-09,1.8
Henry Hub,2020-04-10,1.705
Henry Hub,2020-04-11,1.705
Henry Hub,2020-04-12,1.705
Henry Hub,2020-04-13,1.705
Henry Hub,2020-04-14,1.78
Henry Hub,2020-04-15,1.705
Henry Hub,2020-04-16,1.635
Henry Hub,2020-04-17,1.55
Henry Hub,2020-04-18,1.695
Henry Hub,2020-04-19,1.695
Henry Hub,2020-04-20,1.695
Henry Hub,2020-04-21,1.71
Henry Hub,2020-04-22,1.87
Henry Hub,2020-04-23,1.87
Henry Hub,2020-04-24,1.85
Henry Hub,2020-04-25,1.77
Henry Hub,2020-04-26,1.77
Henry Hub,2020-04-27,1.77
Henry Hub,2020-04-28,1.645
Henry Hub,2020-04-29,1.8
Henry Hub,2020-04-30,1.695
Henry Hub,2020-05-01,1.685
Henry Hub,2020-05-02,1.65
Henry Hub,2020-05-03,1.65
Henry Hub,2020-05-04,1.65
Henry Hub,2020-05-05,1.77
Henry Hub,2020-05-06,1.93
Henry Hub,2020-05-07,1.88
Henry Hub,2020-05-08,1.83
Henry Hub,2020-05-09,1.735
Henry Hub,2020-05-10,1.735
Henry Hub,2020-05-11,1.735
Henry Hub,2020-05-12,1.7
Henry Hub,2020-05-13,1.615
Henry Hub,2020-05-14,1.56
Henry Hub,2020-05-15,1.59
Henry Hub,2020-05-16,1.6
Henry Hub,2020-05-17,1.6
Henry Hub,2020-05-18,1.6
Henry Hub,2020-05-19,1.69
Henry Hub,2020-05-20,1.795
Henry Hub,2020-05-21,1.83
Henry Hub,2020-05-22,1.685
Henry Hub,2020-05-23,1.64
Henry Hub,2020-05-24,1.64
Henry Hub,2020-05-25,1.64
Henry Hub,2020-05-26,1.64
Henry Hub,2020-05-27,1.765
Henry Hub,2020-05-28,1.715
Henry Hub,2020-05-29,1.69
Henry Hub,2020-05-30,1.69
Henry Hub,2020-05-31,1.69
Henry Hub,2020-06-01,1.595
Henry Hub,2020-06-02,1.53
Henry Hub,2020-06-03,1.56
Henry Hub,2020-06-04,1.765
Henry Hub,2020-06-05,1.695
Henry Hub,2020-06-06,1.695
Henry Hub,2020-06-07,1.695
Henry Hub,2020-06-08,1.695
Henry Hub,2020-06-09,1.665
Henry Hub,2020-06-10,1.675
Henry Hub,2020-06-11,1.7
Henry Hub,2020-06-12,1.68
Henry Hub,2020-06-13,1.605
Henry Hub,2020-06-14,1.605
Henry Hub,2020-06-15,1.605
Henry Hub,2020-06-16,1.46
Henry Hub,2020-06-17,1.38
Henry Hub,2020-06-18,1.475
Henry Hub,2020-06-19,1.445
Henry Hub,2020-06-20,1.465
Henry Hub,2020-06-21,1.465
Henry Hub,2020-06-22,1.465
Henry Hub,2020-06-23,1.6
Henry Hub,2020-06-24,1.565
Henry Hub,2020-06-25,1.575
Henry Hub,2020-06-26,1.49
Henry Hub,2020-06-27,1.4
Henry Hub,2020-06-28,1.4
Henry Hub,2020-06-29,1.4
Henry Hub,2020-06-30,1.66
Henry Hub,2020-07-01,1.69
Henry Hub,2020-07-02,1.6
Henry Hub,2020-07-03,1.53
Henry Hub,2020-07-04,1.53
Henry Hub,2020-07-05,1.53
Henry Hub,2020-07-06,1.53
Henry Hub,2020-07-07,1.7
Henry Hub,2020-07-08,1.74
Henry Hub,2020-07-09,1.79
Henry Hub,2020-07-10,1.815
Henry Hub,2020-07-11,1.745
Henry Hub,2020-07-12,1.745
Henry Hub,2020-07-13,1.745
Henry Hub,2020-07-14,1.715
Henry Hub,2020-07-15,1.695
Henry Hub,2020-07-16,1.71
Henry Hub,2020-07-17,1.74
Henry Hub,2020-07-18,1.725
Henry Hub,2020-07-19,1.725
Henry Hub,2020-07-20,1.725
Henry Hub,2020-07-21,1.665
Henry Hub,2020-07-22,1.63
Henry Hub,2020-07-23,1.635
Henry Hub,2020-07-24,1.685
Henry Hub,2020-07-25,1.725
Henry Hub,2020-07-26,1.725
Henry Hub,2020-07-27,1.725
Henry Hub,2020-07-28,1.755
Henry Hub,2020-07-29,1.765
Henry Hub,2020-07-30,1.745
Henry Hub,2020-07-31,1.75
Henry Hub,2020-08-01,1.75
Henry Hub,2020-08-02,1.75
Henry Hub,2020-08-03,1.75
Henry Hub,2020-08-04,1.92
Henry Hub,2020-08-05,2.015
Henry Hub,2020-08-06,2.18
Henry Hub,2020-08-07,2.2
Henry Hub,2020-08-08,2.14
Henry Hub,2020-08-09,2.14
Henry Hub,2020-08-10,2.14
Henry Hub,2020-08-11,2.15
Henry Hub,2020-08-12,2.14
Henry Hub,2020-08-13,2.055
Henry Hub,2020-08-14,2.12
Henry Hub,2020-08-15,2.21
Henry Hub,2020-08-16,2.21
Henry Hub,2020-08-17,2.21
Henry Hub,2020-08-18,2.32
Henry Hub,2020-08-19,2.365
Henry Hub,2020-08-20,2.355
Henry Hub,2020-08-21,2.345
Henry Hub,2020-08-22,2.33
Henry Hub,2020-08-23,2.33
Henry Hub,2020-08-24,2.33
Henry Hub,2020-08-25,2.52
Henry Hub,2020-08-26,2.515
Henry Hub,2020-08-27,2.505
Henry Hub,2020-08-28,2.505
Henry Hub,2020-08-29,2.46
Henry Hub,2020-08-30,2.46
Henry Hub,2020-08-31,2.46
Henry Hub,2020-09-01,2.24
Henry Hub,2020-09-02,2.205
Henry Hub,2020-09-03,2.185
Henry Hub,2020-09-04,2.315
Henry Hub,2020-09-05,1.905
Henry Hub,2020-09-06,1.905
Henry Hub,2020-09-07,1.905
Henry Hub,2020-09-08,1.905
Henry Hub,2020-09-09,2.33
Henry Hub,2020-09-10,2.19
Henry Hub,2020-09-11,2.125
Henry Hub,2020-09-12,1.935
Henry Hub,2020-09-13,1.935
Henry Hub,2020-09-14,1.935
Henry Hub,2020-09-15,2.185
Henry Hub,2020-09-16,2.205
Henry Hub,2020-09-17,2.055
Henry Hub,2020-09-18,1.66
Henry Hub,2020-09-19,1.59
Henry Hub,2020-09-20,1.59
Henry Hub,2020-09-21,1.59
Henry Hub,2020-09-22,1.335
Henry Hub,2020-09-23,1.48
Henry Hub,2020-09-24,1.735
Henry Hub,2020-09-25,1.935
Henry Hub,2020-09-26,1.895
Henry Hub,2020-09-27,1.895
Henry Hub,2020-09-28,1.895
Henry Hub,2020-09-29,1.835
Henry Hub,2020-09-30,1.69